price,type,private_owner,floor_built,floor,bedrooms,bathrooms,second_hand,lift,garage_included,furnished,equipped_kitchen,fitted_wardrobes,air_conditioning,terrace,balcony,storeroom,swimming_pool,garden_area,location,district,distance_to_center,floor-area-estimate
717.5431518554688,Studio,False,30,4th,0,1,True,True,False,True,True,True,False,False,True,False,False,False,"luis cabrera, Subdistrict Prosperidad, District Chamartín, Madrid, Madrid city, Madrid",Chamartín,4.136607421593976,22.5
2114.26708984375,Flat,False,148,5th,3,2,True,True,True,True,True,True,True,True,False,False,True,False,"Calle de Pastora Imperio, Subdistrict Castilla, District Chamartín, Madrid, Madrid city, Madrid",Chamartín,7.638725322297673,111.0
1289.237060546875,Flat,False,65,1st,3,1,True,True,False,True,True,False,False,False,False,False,False,False,"Calle de Gabriel Lobo, 20, Subdistrict El Viso, District Chamartín, Madrid, Madrid city, Madrid",Chamartín,3.588908448217964,55.0
1092.0386962890625,Flat,False,50,4th,1,1,True,True,False,True,True,False,False,False,False,False,False,False,"Calle de Gabriel Lobo, 20, Subdistrict El Viso, District Chamartín, Madrid, Madrid city, Madrid",Chamartín,3.588908448217964,40.0
999.5300903320312,Flat,False,28,ground,1,1,True,True,False,True,True,False,True,False,False,False,False,False,", Subdistrict El Viso, District Chamartín, Madrid, Madrid city, Madrid",Chamartín,3.866979965549538,24.0
950.309326171875,Flat,False,35,2nd,1,1,True,True,False,True,True,True,True,False,False,False,True,False,"Calle Martín Martínez, 4, Subdistrict Ciudad Jardín, District Chamartín, Madrid, Madrid city, Madrid",Chamartín,4.25890998766356,26.25
1249.8519287109375,Flat,True,70,1st,2,1,True,True,False,True,True,True,True,True,False,False,True,False,"Avenida de Alberto de Alcocer, 41, Subdistrict Nueva España, District Chamartín, Madrid, Madrid city, Madrid",Chamartín,5.067436810086972,52.5
1567.136962890625,Flat,False,86,1st,3,1,True,True,False,True,True,True,True,False,False,False,False,False,"Calle de Costa Rica, 24, Subdistrict Bernabéu-Hispanoamérica, District Chamartín, Madrid, Madrid city, Madrid",Chamartín,5.272158458934884,64.5
1220.9219970703125,Flat,False,80,1st,2,1,True,True,False,True,True,False,False,False,False,False,False,False,"Calle de Pradillo, Subdistrict Ciudad Jardín, District Chamartín, Madrid, Madrid city, Madrid",Chamartín,4.455293592388031,70.0
1564.7294921875,Flat,False,70,2nd,2,2,True,True,False,True,True,True,True,False,False,False,False,False,"Calle del General Zabala, Subdistrict Ciudad Jardín, District Chamartín, Madrid, Madrid city, Madrid",Chamartín,3.805815167318457,52.5
4560.849609375,Flat,False,210,2nd,4,5,True,True,False,True,True,False,True,False,False,False,True,False,", Subdistrict Nueva España, District Chamartín, Madrid, Madrid city, Madrid",Chamartín,5.575755458856423,209.0
1495.0673828125,Flat,False,82,1st,2,2,True,True,False,True,True,False,True,False,False,False,False,False,"Calle de Luis de Salazar, 8, Subdistrict Prosperidad, District Chamartín, Madrid, Madrid city, Madrid",Chamartín,4.616582960604358,61.5
2909.67431640625,Flat,False,134,3rd,3,3,True,True,False,True,True,True,True,True,False,False,False,False,", Subdistrict El Viso, District Chamartín, Madrid, Madrid city, Madrid",Chamartín,3.866979965549538,100.5
2991.54296875,Flat,False,177,4th,3,2,True,True,False,True,True,True,True,True,False,False,False,False,"Avenida de Concha Espina, Subdistrict El Viso, District Chamartín, Madrid, Madrid city, Madrid",Chamartín,4.252516253430337,132.75
1382.5545654296875,Flat,False,82,1st,2,2,True,True,False,True,True,False,True,True,False,False,False,False,", Subdistrict Prosperidad, District Chamartín, Madrid, Madrid city, Madrid",Chamartín,4.048213034006869,81.0
1001.5623779296875,Flat,False,45,ground,1,1,True,True,False,True,True,False,False,False,False,False,False,False,", Subdistrict Prosperidad, District Chamartín, Madrid, Madrid city, Madrid",Chamartín,4.048213034006869,44.0
1170.791015625,Flat,False,65,4th,2,1,True,True,False,True,True,True,True,False,True,False,False,False,"Paseo de la Castellana, 298, Subdistrict Castilla, District Chamartín, Madrid, Madrid city, Madrid",Chamartín,7.164721664943138,48.75
1284.2059326171875,Flat,False,85,1st,1,2,True,True,True,True,True,True,True,True,False,False,True,False,"Avenida de Burgos, Subdistrict Castilla, District Chamartín, Madrid, Madrid city, Madrid",Chamartín,7.156598962794904,80.0
1619.0126953125,Flat,False,115,3rd,4,2,True,True,False,True,True,True,True,False,False,True,False,False,"del Cardenal Siliceo, Subdistrict Prosperidad, District Chamartín, Madrid, Madrid city, Madrid",Chamartín,4.150776774295755,86.25
1965.0777587890625,Flat,False,130,130,3,2,True,True,False,True,True,False,True,False,False,False,False,False,", Subdistrict Ciudad Jardín, District Chamartín, Madrid, Madrid city, Madrid",Chamartín,4.037392393735278,95.0
4828.7373046875,Flat,False,258,1st,2,3,True,True,True,True,True,True,True,True,False,True,True,False,", Subdistrict El Viso, District Chamartín, Madrid, Madrid city, Madrid",Chamartín,3.866979965549538,193.5
1565.57470703125,Flat,False,82,1st,1,2,True,True,False,True,True,True,True,True,True,False,True,False,"Calle de Oruro, 4, Subdistrict Bernabéu-Hispanoamérica, District Chamartín, Madrid, Madrid city, Madrid",Chamartín,4.734632350562967,65.0
2044.87060546875,Penthouse,False,80,80,1,1,True,True,False,True,True,False,True,True,False,False,False,False,", Subdistrict El Viso, District Chamartín, Madrid, Madrid city, Madrid",Chamartín,3.866979965549538,70.0
1256.716552734375,Flat,False,113,1st,3,1,True,True,False,True,True,False,False,True,False,False,False,False,"Pasaje de San Pedro, Subdistrict Prosperidad, District Chamartín, Madrid, Madrid city, Madrid",Chamartín,4.7431732092366525,84.75
2182.879150390625,Flat,False,120,3rd,2,2,True,True,True,True,True,True,True,False,False,False,False,False,", Subdistrict Bernabéu-Hispanoamérica, District Chamartín, Madrid, Madrid city, Madrid",Chamartín,4.239223161668746,90.0
1279.14453125,Flat,False,70,2nd,1,1,True,True,True,True,True,True,True,False,False,False,False,False,"Calle Pantoja, Subdistrict Ciudad Jardín, District Chamartín, Madrid, Madrid city, Madrid",Chamartín,4.4303023175126,52.5
1179.125732421875,Flat,False,46,ground,1,1,True,True,False,True,True,False,True,False,False,False,False,False,", Subdistrict El Viso, District Chamartín, Madrid, Madrid city, Madrid",Chamartín,3.866979965549538,40.0
1593.3616943359375,Flat,False,70,1st,2,2,True,True,False,True,True,True,True,False,False,False,False,False,"Calle de Cartagena, 158, Subdistrict Ciudad Jardín, District Chamartín, Madrid, Madrid city, Madrid",Chamartín,3.752173040405774,52.5
1717.6856689453125,Flat,False,108,5th,3,2,True,True,False,False,False,True,True,False,True,False,False,False,"Calle de Santa María Magdalena, Subdistrict Nueva España, District Chamartín, Madrid, Madrid city, Madrid",Chamartín,5.866159981242624,81.0
1792.9013671875,Flat,False,102,9th,3,2,True,True,False,True,True,True,False,True,False,False,False,False,"Calle Profesor Waksman, Subdistrict Bernabéu-Hispanoamérica, District Chamartín, Madrid, Madrid city, Madrid",Chamartín,4.239223161668746,76.5
1517.9022216796875,Flat,False,75,2nd,1,1,True,True,False,True,True,True,True,False,False,False,True,False,"Avenida Pio XII, 92, Urb. 92, Subdistrict Castilla, District Chamartín, Madrid, Madrid city, Madrid",Chamartín,6.621861817082542,56.25
1199.4853515625,Flat,False,72,4th,2,1,True,True,False,True,True,True,False,False,False,False,False,False,"Calle Antonio Pérez, Subdistrict El Viso, District Chamartín, Madrid, Madrid city, Madrid",Chamartín,3.4034592681459146,62.0
2227.091796875,Flat,False,166,1st,4,2,True,True,False,True,True,False,True,False,False,False,False,False,", Subdistrict Ciudad Jardín, District Chamartín, Madrid, Madrid city, Madrid",Chamartín,4.037392393735278,165.0
1360.0606689453125,Flat,False,50,3rd,1,1,True,True,False,True,True,False,True,False,False,False,False,False,"Calle del Corazón de María, Subdistrict Prosperidad, District Chamartín, Madrid, Madrid city, Madrid",Chamartín,4.354667049428781,37.5
3051.737548828125,Flat,False,191,4th,4,3,True,True,True,True,True,True,True,True,False,False,False,False,"Barrio Nueva España, Subdistrict Nueva España, District Chamartín, Madrid, Madrid city, Madrid",Chamartín,5.575755458856423,149.0
2540.1064453125,Flat,False,161,3rd,3,2,True,True,False,True,True,True,True,False,False,False,False,False,"Avenida de Alberto de Alcocer, Subdistrict Nueva España, District Chamartín, Madrid, Madrid city, Madrid",Chamartín,4.966892516819368,160.0
2902.632080078125,Flat,False,153,8th,2,2,True,True,False,True,True,True,True,False,False,False,False,False,", Subdistrict El Viso, District Chamartín, Madrid, Madrid city, Madrid",Chamartín,3.866979965549538,114.75
3313.2421875,Flat,False,220,5th,4,3,True,True,True,True,True,True,True,False,False,False,False,False,"Calle de Rafael Salgado, Subdistrict Bernabéu-Hispanoamérica, District Chamartín, Madrid, Madrid city, Madrid",Chamartín,4.239223161668746,165.0
3332.920654296875,Flat,False,200,8th,4,3,True,True,True,True,True,True,False,True,True,False,True,False,"Avenida de Pío XII, Subdistrict Nueva España, District Chamartín, Madrid, Madrid city, Madrid",Chamartín,5.715079668478869,150.0
1042.0108642578125,Flat,False,40,ground,1,1,True,True,False,True,True,True,True,False,False,True,False,False,"Paseo de la Castellana, 274, Subdistrict Castilla, District Chamartín, Madrid, Madrid city, Madrid",Chamartín,6.574224846334474,38.0
2676.64306640625,Flat,False,180,8th,3,3,True,True,False,True,True,True,True,False,False,False,False,False,", Subdistrict Bernabéu-Hispanoamérica, District Chamartín, Madrid, Madrid city, Madrid",Chamartín,4.239223161668746,135.0
2280.66064453125,Flat,False,142,3rd,4,2,True,True,True,True,True,True,False,True,False,True,True,False,"Calle del Corazón de María, Subdistrict Prosperidad, District Chamartín, Madrid, Madrid city, Madrid",Chamartín,4.354667049428781,82.0
2063.552978515625,Flat,False,112,2nd,3,2,True,True,False,True,True,True,True,True,False,False,False,False,"Paseo de la Habana, Subdistrict El Viso, District Chamartín, Madrid, Madrid city, Madrid",Chamartín,3.893572800846191,110.0
1601.0599365234375,Penthouse,False,100,6th,2,2,True,True,False,True,True,True,False,True,False,False,False,False,"Calle Colombia, Subdistrict Bernabéu-Hispanoamérica, District Chamartín, Madrid, Madrid city, Madrid",Chamartín,5.165372728353356,75.0
12328.359375,Duplex,False,363,ground,4,6,True,True,False,True,True,True,True,False,False,False,True,False,"Calle de Alfonso Rodríguez Santamaría, 4, Subdistrict El Viso, District Chamartín, Madrid, Madrid city, Madrid",Chamartín,3.856272658048429,272.25
6741.8427734375,Penthouse,False,180,3rd,4,4,True,True,True,True,True,True,False,True,False,True,True,False,", Subdistrict El Viso, District Chamartín, Madrid, Madrid city, Madrid",Chamartín,3.866979965549538,135.0
1821.58935546875,Flat,False,65,7th,1,1,True,True,False,True,True,True,True,False,False,False,False,False,"Paseo de la castellana, 266, Subdistrict Castilla, District Chamartín, Madrid, Madrid city, Madrid",Chamartín,6.390310572340169,48.75
4397.25244140625,Flat,False,223,3rd,5,3,True,True,True,True,True,True,True,True,False,True,True,False,"Calle Antonio Rodríguez Villa, 3, Subdistrict El Viso, District Chamartín, Madrid, Madrid city, Madrid",Chamartín,3.484488482621705,167.25
1024.29736328125,Flat,True,56,4th,1,1,True,True,False,True,True,True,True,False,False,False,False,False,"Calle de Mauricio Legendre, 38, Subdistrict Castilla, District Chamartín, Madrid, Madrid city, Madrid",Chamartín,6.795472955909416,42.0
2032.1368408203125,Flat,True,85,6th,3,2,True,True,True,True,True,True,True,False,False,True,False,False,"Calle de López de Hoyos, 61, Subdistrict Ciudad Jardín, District Chamartín, Madrid, Madrid city, Madrid",Chamartín,4.704011718416878,63.75
3173.9296875,Flat,True,180,2nd,4,3,True,True,True,True,True,True,True,False,False,True,False,False,"Calle de Honduras, 13, Subdistrict Nueva España, District Chamartín, Madrid, Madrid city, Madrid",Chamartín,5.23304573576142,135.0
1876.1182861328125,Flat,False,76,6th,1,1,True,True,False,False,False,True,True,False,False,False,False,False,"Calle de Juan Ramón Jiménez, 8, Subdistrict Bernabéu-Hispanoamérica, District Chamartín, Madrid, Madrid city, Madrid",Chamartín,4.835237910448587,74.0
1819.733642578125,Flat,False,75,3rd,2,1,True,True,False,True,True,True,True,False,False,False,False,False,"Juan Ramón Jimenez, 8, Subdistrict Bernabéu-Hispanoamérica, District Chamartín, Madrid, Madrid city, Madrid",Chamartín,4.835237910448587,56.25
3208.14208984375,Flat,False,181,4th,3,3,True,True,False,True,True,True,True,True,False,True,False,False,"Calle Álvarez de Baena, Subdistrict El Viso, District Chamartín, Madrid, Madrid city, Madrid",Chamartín,2.724861434675148,157.0
2516.2080078125,Flat,False,160,3rd,3,2,True,True,False,True,True,True,True,False,False,False,False,False,"Avenida de Alberto Alcocer, Subdistrict Nueva España, District Chamartín, Madrid, Madrid city, Madrid",Chamartín,4.966892516819368,120.0
6584.76318359375,Flat,False,200,3rd,4,5,True,True,False,True,True,True,True,True,False,False,True,False,"Paseo de la Habana, Madrid, 87, Subdistrict Bernabéu-Hispanoamérica, District Chamartín, Madrid, Madrid city, Madrid",Chamartín,4.892194285047727,150.0
1970.5439453125,Flat,False,48,8th,1,1,True,True,False,True,True,True,False,False,False,False,False,False,"Calle Nuñez de Balboa, 118, Subdistrict El Viso, District Chamartín, Madrid, Madrid city, Madrid",Chamartín,3.018423986907236,36.0
3191.37255859375,Flat,False,175,5th,3,3,True,True,True,True,True,False,False,True,False,True,True,False,"Calle infanta teresa, Subdistrict Bernabéu-Hispanoamérica, District Chamartín, Madrid, Madrid city, Madrid",Chamartín,4.572258744699337,131.25
3273.15576171875,Flat,False,211,4th,4,3,True,True,True,True,True,True,False,True,True,False,True,False,"Avenida de Pío XII, Subdistrict Nueva España, District Chamartín, Madrid, Madrid city, Madrid",Chamartín,5.715079668478869,200.0
8191.29296875,Duplex,False,517,ground,6,7,True,True,True,True,True,True,True,True,False,False,True,False,", Subdistrict El Viso, District Chamartín, Madrid, Madrid city, Madrid",Chamartín,3.866979965549538,387.75
1365.59326171875,Flat,False,70,70,1,1,True,True,True,False,False,False,True,False,False,False,True,False,"Avenida de Pío XII, Subdistrict Castilla, District Chamartín, Madrid, Madrid city, Madrid",Chamartín,6.364712547198341,50.0
2223.318359375,Flat,False,149,2nd,3,2,True,True,True,True,True,True,True,False,False,False,True,False,", Subdistrict Castilla, District Chamartín, Madrid, Madrid city, Madrid",Chamartín,6.674803344549428,111.75
1581.2320556640625,Flat,False,92,9th,2,2,True,True,False,True,True,True,True,True,False,False,False,False,"Calle del Corazón de María, Subdistrict Prosperidad, District Chamartín, Madrid, Madrid city, Madrid",Chamartín,4.354667049428781,69.0
1271.5726318359375,Flat,False,65,2nd,2,1,True,True,False,True,True,False,False,False,False,False,False,False,"Calle de Gabriel Lobo, 20, Subdistrict El Viso, District Chamartín, Madrid, Madrid city, Madrid",Chamartín,3.588908448217964,55.0
3239.654296875,Flat,False,211,4th,4,3,True,True,True,True,True,True,False,True,False,False,True,False,"Avenida de Pío XII, Subdistrict Nueva España, District Chamartín, Madrid, Madrid city, Madrid",Chamartín,5.715079668478869,200.0
1452.83740234375,Flat,False,91,2nd,3,2,True,True,False,True,True,False,False,False,False,False,False,False,"Calle de Nieremberg, Subdistrict Ciudad Jardín, District Chamartín, Madrid, Madrid city, Madrid",Chamartín,4.368033066660659,75.0
2850.01513671875,Flat,False,202,5th,5,2,True,True,True,True,True,True,True,False,False,True,False,False,"Calle de Rafael Salgado, Subdistrict Bernabéu-Hispanoamérica, District Chamartín, Madrid, Madrid city, Madrid",Chamartín,4.239223161668746,170.0
3638.04345703125,Flat,False,236,1st,3,2,True,True,False,True,True,False,True,False,False,False,True,False,", Subdistrict Prosperidad, District Chamartín, Madrid, Madrid city, Madrid",Chamartín,4.048213034006869,177.0
1112.775146484375,Flat,True,50,1st,1,1,True,True,False,True,True,True,True,False,False,False,True,False,"Calle Apolonio Morales, 6, Urb. Jardin de Arichuna, Subdistrict Nueva España, District Chamartín, Madrid, Madrid city, Madrid",Chamartín,5.553974233626116,44.0
2921.219970703125,Flat,False,151,6th,2,3,True,True,True,True,True,True,True,True,False,True,True,False,"Calle del Padre Damián, Subdistrict Nueva España, District Chamartín, Madrid, Madrid city, Madrid",Chamartín,5.077838149894974,113.25
3206.80419921875,Flat,False,175,5th,3,3,True,True,True,True,True,False,False,True,False,False,True,False,", Subdistrict Bernabéu-Hispanoamérica, District Chamartín, Madrid, Madrid city, Madrid",Chamartín,4.239223161668746,131.25
1112.5184326171875,Penthouse,True,62,7th,1,1,True,True,False,True,True,True,True,False,False,False,False,False,"Calle de Santa Hortensia, 15, Subdistrict Prosperidad, District Chamartín, Madrid, Madrid city, Madrid",Chamartín,4.27065884007619,55.0
3310.1494140625,Flat,False,205,2nd,3,3,True,True,True,True,True,True,True,True,False,False,False,False,"Calle de Henri Dunant, Subdistrict Nueva España, District Chamartín, Madrid, Madrid city, Madrid",Chamartín,5.133595292119251,153.75
3674.36376953125,Penthouse,False,130,4th,1,1,True,True,True,True,True,True,True,True,False,True,True,False,", Subdistrict El Viso, District Chamartín, Madrid, Madrid city, Madrid",Chamartín,3.866979965549538,120.0
3053.671142578125,Flat,False,180,2nd,3,3,True,True,True,False,False,True,True,True,False,False,False,False,"Paseo de la Castellana, Subdistrict Nueva España, District Chamartín, Madrid, Madrid city, Madrid",Chamartín,5.269174206620637,135.0
1074.86865234375,Duplex,True,75,4th,0,1,True,True,False,True,True,False,False,False,False,True,False,False,"Lopez de hoyos, 158, Urb. chamartim, Subdistrict Prosperidad, District Chamartín, Madrid, Madrid city, Madrid",Chamartín,4.282466221472514,70.0
1434.1080322265625,Flat,False,45,2nd,1,1,True,True,False,True,True,False,True,False,False,False,False,False,"Avenida de Alberto Alcocer, Subdistrict Nueva España, District Chamartín, Madrid, Madrid city, Madrid",Chamartín,4.966892516819368,33.75
1688.9725341796875,Flat,False,123,4th,3,2,True,True,True,True,True,True,False,False,False,True,True,False,", Subdistrict Castilla, District Chamartín, Madrid, Madrid city, Madrid",Chamartín,6.674803344549428,72.0
7435.3193359375,Flat,False,305,3rd,5,4,True,True,True,True,True,True,True,True,False,True,True,False,"Paseo de la Habana, Madrid, 71, Subdistrict Bernabéu-Hispanoamérica, District Chamartín, Madrid, Madrid city, Madrid",Chamartín,4.684347109622292,275.0
1689.6900634765625,Duplex,True,136,1st,3,2,True,True,True,True,True,True,True,False,False,True,False,False,"Calle del Padre Damián, 31, Subdistrict Nueva España, District Chamartín, Madrid, Madrid city, Madrid",Chamartín,4.98769316487766,125.0
3181.400634765625,Flat,False,211,4th,4,3,True,True,True,True,True,True,False,True,False,False,True,False,"Avenida de Pio XII, Subdistrict Nueva España, District Chamartín, Madrid, Madrid city, Madrid",Chamartín,5.715079668478869,158.25
4368.96142578125,Flat,False,200,6th,4,3,True,True,True,True,True,True,True,False,False,True,True,False,"Calle de Santiago Bernabéu, Subdistrict El Viso, District Chamartín, Madrid, Madrid city, Madrid",Chamartín,3.955667621263214,150.0
1324.2210693359375,Penthouse,True,87,6th,1,1,True,True,False,True,True,True,True,True,False,False,False,False,"Calle de Canillas, 25, Subdistrict Prosperidad, District Chamartín, Madrid, Madrid city, Madrid",Chamartín,3.6719224313586185,76.0
4330.7841796875,Flat,False,250,3rd,5,3,True,True,True,True,True,True,True,True,False,True,False,False,"Paseo de la Castellana, Subdistrict El Viso, District Chamartín, Madrid, Madrid city, Madrid",Chamartín,3.3168792369897484,187.5
1222.0634765625,Flat,False,47,2nd,1,1,True,True,False,True,True,True,True,False,False,False,True,False,"Avenida de Alberto de Alcocer, Subdistrict Bernabéu-Hispanoamérica, District Chamartín, Madrid, Madrid city, Madrid",Chamartín,4.966892516819368,35.25
2555.795166015625,Flat,False,180,8th,3,2,True,True,False,True,True,True,True,False,False,False,False,False,", Subdistrict Bernabéu-Hispanoamérica, District Chamartín, Madrid, Madrid city, Madrid",Chamartín,4.239223161668746,160.0
2366.61767578125,Flat,False,158,4th,3,3,True,True,True,True,True,True,True,False,False,False,False,False,", Subdistrict Prosperidad, District Chamartín, Madrid, Madrid city, Madrid",Chamartín,4.048213034006869,118.5
5220.73486328125,Penthouse,False,305,6th,4,5,True,True,False,False,False,False,False,False,False,False,False,False,", Subdistrict Castilla, District Chamartín, Madrid, Madrid city, Madrid",Chamartín,6.674803344549428,228.75
1904.13720703125,Flat,False,115,1st,2,3,True,True,True,True,True,True,True,False,False,False,False,False,"Calle del Padre Damián, Subdistrict Nueva España, District Chamartín, Madrid, Madrid city, Madrid",Chamartín,5.077838149894974,86.25
1595.6734619140625,Flat,False,69,4th,3,2,True,True,False,True,True,True,True,False,False,False,False,False,"Calle Talavera, Subdistrict Bernabéu-Hispanoamérica, District Chamartín, Madrid, Madrid city, Madrid",Chamartín,4.516479711746005,51.75
1605.8338623046875,Flat,False,80,4th,2,2,True,True,False,True,True,True,True,False,False,False,False,False,", Subdistrict Bernabéu-Hispanoamérica, District Chamartín, Madrid, Madrid city, Madrid",Chamartín,4.239223161668746,60.0
1488.6785888671875,Flat,False,90,1st,2,2,True,True,False,True,True,True,True,False,False,False,False,False,", Subdistrict Prosperidad, District Chamartín, Madrid, Madrid city, Madrid",Chamartín,4.048213034006869,67.5
1094.128173828125,Flat,False,65,9th,1,1,True,True,False,True,True,True,True,True,False,False,False,False,"Calle de Rafael Herrera, Subdistrict Castilla, District Chamartín, Madrid, Madrid city, Madrid",Chamartín,5.870955399543123,60.0
1781.7479248046875,Flat,False,108,3rd,2,2,True,True,False,True,True,True,True,False,True,False,False,False,"Calle de Santa María Magdalena, Subdistrict Nueva España, District Chamartín, Madrid, Madrid city, Madrid",Chamartín,5.866159981242624,81.0
1154.85888671875,Flat,False,63,ground,1,1,True,True,False,True,True,False,True,False,False,False,False,False,", Subdistrict Ciudad Jardín, District Chamartín, Madrid, Madrid city, Madrid",Chamartín,4.037392393735278,55.0
3174.603759765625,Flat,False,220,6th,4,3,True,True,True,True,True,True,True,True,False,False,True,False,"guatemala, Subdistrict Nueva España, District Chamartín, Madrid, Madrid city, Madrid",Chamartín,5.401949760347373,214.0
2361.077392578125,Flat,False,100,3rd,2,2,True,True,False,True,True,True,True,False,False,False,False,False,"Calle San Ernesto, 4, Subdistrict Ciudad Jardín, District Chamartín, Madrid, Madrid city, Madrid",Chamartín,4.268528472434616,75.0
2203.956298828125,Flat,False,105,3rd,2,2,True,True,False,True,True,True,True,False,False,False,False,False,", Subdistrict El Viso, District Chamartín, Madrid, Madrid city, Madrid",Chamartín,3.866979965549538,91.0
1228.76708984375,Flat,False,64,1st,1,1,True,True,False,True,True,True,False,False,False,True,False,False,"Calle de Víctor de la Serna, 5, Subdistrict Bernabéu-Hispanoamérica, District Chamartín, Madrid, Madrid city, Madrid",Chamartín,4.752048476491453,54.0
1726.72998046875,Duplex,False,136,1st,2,2,True,True,False,True,True,True,True,False,False,True,False,False,"Calle del Padre Damián, Subdistrict Bernabéu-Hispanoamérica, District Chamartín, Madrid, Madrid city, Madrid",Chamartín,4.239223161668746,102.0
2613.99853515625,Flat,True,160,8th,3,3,True,True,False,True,True,True,True,False,False,False,False,False,"Calle Profesor Waksman, 3, Subdistrict Bernabéu-Hispanoamérica, District Chamartín, Madrid, Madrid city, Madrid",Chamartín,4.561165299642211,120.0
1464.345458984375,Flat,False,97,97,2,2,True,True,False,True,True,False,True,False,False,True,False,False,", Subdistrict Prosperidad, District Chamartín, Madrid, Madrid city, Madrid",Chamartín,4.048213034006869,82.0
2640.666259765625,Flat,False,145,6th,4,2,True,True,False,True,True,True,True,True,False,False,False,False,", Subdistrict El Viso, District Chamartín, Madrid, Madrid city, Madrid",Chamartín,3.866979965549538,108.75
2120.4970703125,Flat,False,120,4th,3,2,True,True,True,True,True,False,True,False,False,True,True,False,", Subdistrict Bernabéu-Hispanoamérica, District Chamartín, Madrid, Madrid city, Madrid",Chamartín,4.239223161668746,90.0
1902.496337890625,Flat,False,120,20th,2,2,True,True,True,True,True,True,True,False,False,False,False,False,"Avenida de América, Subdistrict Prosperidad, District Chamartín, Madrid, Madrid city, Madrid",Chamartín,3.957197898143026,90.0
3667.827392578125,Flat,False,190,4th,2,3,True,True,False,True,True,True,True,False,False,False,False,False,"Calle de María de Molina, Subdistrict El Viso, District Chamartín, Madrid, Madrid city, Madrid",Chamartín,2.8317118092193008,142.5
1786.8963623046875,Flat,False,121,2nd,3,2,True,True,False,True,True,True,True,True,False,False,False,False,"Calle de Eugenio Salazar, Subdistrict Ciudad Jardín, District Chamartín, Madrid, Madrid city, Madrid",Chamartín,4.09568640319277,105.0
928.6896362304688,Flat,False,38,4th,1,1,True,True,False,True,True,False,False,False,False,False,False,False,"Calle de Zabaleta, Subdistrict Prosperidad, District Chamartín, Madrid, Madrid city, Madrid",Chamartín,3.783768207366264,28.5
1671.5118408203125,Flat,False,95,2nd,2,2,True,True,False,True,True,True,True,False,False,False,False,False,"Calle Principe De Vergara, Subdistrict Bernabéu-Hispanoamérica, District Chamartín, Madrid, Madrid city, Madrid",Chamartín,4.903672449705414,90.0
1542.8402099609375,Flat,False,85,4th,3,2,True,True,False,True,True,False,False,False,False,False,False,False,"Calle del Príncipe de Vergara, Subdistrict Bernabéu-Hispanoamérica, District Chamartín, Madrid, Madrid city, Madrid",Chamartín,4.903672449705414,70.0
2087.08251953125,Flat,False,150,6th,4,2,True,True,False,False,False,False,False,False,False,False,False,False,"Paseo DE LA HABANA, Subdistrict El Viso, District Chamartín, Madrid, Madrid city, Madrid",Chamartín,3.893572800846191,112.5
1556.5341796875,Flat,False,75,1st,2,2,True,True,False,True,True,True,True,False,False,False,False,False,"Calle Profesor Waksman, Subdistrict Bernabéu-Hispanoamérica, District Chamartín, Madrid, Madrid city, Madrid",Chamartín,4.239223161668746,56.25
3946.635498046875,Duplex,False,230,3rd,2,3,True,True,False,True,True,True,True,True,False,True,False,False,", Subdistrict El Viso, District Chamartín, Madrid, Madrid city, Madrid",Chamartín,3.866979965549538,180.0
1674.1141357421875,Flat,False,88,2nd,2,2,True,True,True,True,True,True,True,False,False,False,False,False,"Calle Antonio Pérez, Subdistrict El Viso, District Chamartín, Madrid, Madrid city, Madrid",Chamartín,3.4034592681459146,80.0
1696.5938720703125,Flat,False,78,2nd,2,1,True,True,False,True,True,False,True,False,True,False,False,False,", Subdistrict El Viso, District Chamartín, Madrid, Madrid city, Madrid",Chamartín,3.866979965549538,77.0
3313.031982421875,Duplex,False,210,ground,3,1,True,True,False,True,True,False,True,True,True,False,False,False,", Subdistrict Bernabéu-Hispanoamérica, District Chamartín, Madrid, Madrid city, Madrid",Chamartín,4.239223161668746,209.0
1907.53759765625,Flat,True,138,10th,4,2,True,True,True,True,True,True,True,True,False,False,False,False,"Calle de San Nazario, 6, Subdistrict Prosperidad, District Chamartín, Madrid, Madrid city, Madrid",Chamartín,4.678565678979537,103.5
2137.579833984375,Flat,False,113,4th,2,2,True,True,False,True,True,True,True,True,False,False,False,False,"Paseo DE LA CASTELLANA, Subdistrict El Viso, District Chamartín, Madrid, Madrid city, Madrid",Chamartín,3.3168792369897484,95.0
1826.7210693359375,Flat,False,123,4th,4,2,True,True,False,True,True,True,True,True,False,True,False,False,"Calle de Sánchez Pacheco, Subdistrict Ciudad Jardín, District Chamartín, Madrid, Madrid city, Madrid",Chamartín,4.341723269653018,109.0
1200.267333984375,Flat,False,52,3rd,1,1,True,True,False,True,True,False,True,True,False,False,False,False,", Subdistrict Nueva España, District Chamartín, Madrid, Madrid city, Madrid",Chamartín,5.575755458856423,51.0
1536.1256103515625,Flat,False,80,1st,3,1,True,True,False,True,True,True,False,False,False,False,False,False,"Costa Rica, 26, Subdistrict Bernabéu-Hispanoamérica, District Chamartín, Madrid, Madrid city, Madrid",Chamartín,4.239223161668746,75.0
6817.6162109375,Semi-detached,False,400,4,5,4,True,False,True,True,True,True,True,True,False,True,True,False,", Subdistrict Nueva España, District Chamartín, Madrid, Madrid city, Madrid",Chamartín,5.575755458856423,300.0
3103.2373046875,Flat,False,170,2nd,3,2,True,True,False,True,True,True,True,True,False,False,False,False,", Subdistrict El Viso, District Chamartín, Madrid, Madrid city, Madrid",Chamartín,3.866979965549538,127.5
1831.5716552734375,Flat,False,119,1st,1,2,True,True,False,True,True,False,True,False,False,False,False,False,"Calle de la Drácena, Subdistrict Nueva España, District Chamartín, Madrid, Madrid city, Madrid",Chamartín,5.876086730820737,89.25
3294.988037109375,Flat,False,190,3rd,2,3,True,True,False,True,True,True,True,False,False,False,False,False,", Subdistrict El Viso, District Chamartín, Madrid, Madrid city, Madrid",Chamartín,3.866979965549538,142.5
2107.432373046875,Flat,True,129,1st,2,2,True,True,False,True,True,True,True,True,True,False,False,False,"Avenida de Concha Espina, 57, Subdistrict Bernabéu-Hispanoamérica, District Chamartín, Madrid, Madrid city, Madrid",Chamartín,4.397721223559528,96.75
1543.517333984375,Flat,False,71,4th,1,1,True,True,False,True,True,True,True,False,True,False,False,False,"Plaza de Valparaíso, 4, Subdistrict Bernabéu-Hispanoamérica, District Chamartín, Madrid, Madrid city, Madrid",Chamartín,4.719553643745505,59.0
2094.92724609375,Duplex,False,120,13th,3,3,True,True,True,True,True,True,True,False,False,False,False,False,"Calle PADRE CLARET NN, Subdistrict Prosperidad, District Chamartín, Madrid, Madrid city, Madrid",Chamartín,4.882594299361803,90.0
1012.795166015625,Flat,True,57,3rd,1,1,True,True,False,True,True,True,False,True,False,False,False,False,"Calle de costa rica, 9, Subdistrict Nueva España, District Chamartín, Madrid, Madrid city, Madrid",Chamartín,5.276965573925673,42.75
1078.890869140625,Flat,False,50,2nd,1,1,True,True,True,True,True,True,True,False,False,True,True,False,"Paseo DE LA HABANA/PALACIO DUQUES DE PASTRANA, Subdistrict Nueva España, District Chamartín, Madrid, Madrid city, Madrid",Chamartín,6.016627564762023,37.5
3837.1201171875,Flat,False,291,8th,4,4,True,True,False,True,True,True,True,False,False,False,False,False,"Paseo DE LA HABANA, Subdistrict El Viso, District Chamartín, Madrid, Madrid city, Madrid",Chamartín,3.893572800846191,274.0
1125.234375,Flat,False,50,2nd,1,1,True,True,False,True,True,True,True,False,False,False,True,False,"Calle Nieremberg, Subdistrict Ciudad Jardín, District Chamartín, Madrid, Madrid city, Madrid",Chamartín,4.368033066660659,45.0
1421.8963623046875,Flat,False,69,1st,1,1,True,True,False,True,True,True,True,False,False,False,False,False,", Subdistrict El Viso, District Chamartín, Madrid, Madrid city, Madrid",Chamartín,3.866979965549538,65.0
3467.571044921875,Duplex,False,276,9th,4,4,True,True,False,True,True,True,True,False,False,False,False,False,"Avenida de Alberto de Alcocer, Subdistrict Bernabéu-Hispanoamérica, District Chamartín, Madrid, Madrid city, Madrid",Chamartín,4.966892516819368,230.0
3173.278564453125,Flat,False,209,2nd,3,2,True,True,False,True,True,True,False,False,False,False,False,False,"Calle Félix Boix, Subdistrict Nueva España, District Chamartín, Madrid, Madrid city, Madrid",Chamartín,5.358724189716179,149.0
2111.7646484375,Flat,False,120,2nd,3,2,True,True,False,True,True,True,True,False,False,False,False,False,"Calle del Príncipe de Vergara, 204 bis, Subdistrict Ciudad Jardín, District Chamartín, Madrid, Madrid city, Madrid",Chamartín,4.249569641743326,90.0
1012.4064331054688,Flat,False,58,3rd,1,1,True,True,False,True,True,True,False,False,False,False,False,False,"Calle de García Luna, Subdistrict Ciudad Jardín, District Chamartín, Madrid, Madrid city, Madrid",Chamartín,4.09568640319277,43.5
974.7310791015625,Flat,True,42,2nd,1,1,True,True,False,True,True,True,False,False,False,False,False,False,"Calle de Rafael Herrera, 9, Subdistrict Castilla, District Chamartín, Madrid, Madrid city, Madrid",Chamartín,5.891269052690077,40.0
1113.495361328125,Flat,False,66,2nd,2,1,True,True,False,True,True,True,True,False,False,False,False,False,"CONSTANCIA, Subdistrict Prosperidad, District Chamartín, Madrid, Madrid city, Madrid",Chamartín,3.906226501750604,60.0
1355.0927734375,Flat,False,84,1st,2,2,True,True,False,True,True,True,True,True,False,False,True,False,"Calle de Luis de Salazar, Subdistrict Prosperidad, District Chamartín, Madrid, Madrid city, Madrid",Chamartín,4.663063543197134,63.0
2554.01708984375,Flat,False,135,7th,3,2,True,True,True,True,True,True,True,False,False,False,False,False,"Calle de Manuel de Falla, 10, Subdistrict Bernabéu-Hispanoamérica, District Chamartín, Madrid, Madrid city, Madrid",Chamartín,4.47708077717486,101.0
2902.3056640625,Flat,False,180,7th,4,2,True,True,False,True,True,True,True,False,True,False,False,False,", Subdistrict El Viso, District Chamartín, Madrid, Madrid city, Madrid",Chamartín,3.866979965549538,135.0
2197.9111328125,Flat,False,160,3rd,4,2,True,True,False,True,True,True,False,True,False,False,False,False,"Calle de Clara del Rey, Subdistrict Prosperidad, District Chamartín, Madrid, Madrid city, Madrid",Chamartín,4.112594739067479,120.0
4685.43603515625,Flat,False,228,6th,5,4,True,True,True,True,True,True,True,False,False,False,False,False,"Paseo de La Habana, Subdistrict Bernabéu-Hispanoamérica, District Chamartín, Madrid, Madrid city, Madrid",Chamartín,4.239223161668746,171.0
1131.4444580078125,Flat,True,60,2nd,1,1,True,True,True,True,True,False,False,False,False,True,False,False,"Pasaje Pradillo, 1, Subdistrict Prosperidad, District Chamartín, Madrid, Madrid city, Madrid",Chamartín,3.759801614811224,45.0
1628.7869873046875,Flat,False,85,1st,2,2,True,True,False,True,True,True,True,False,False,False,False,False,"Calle del Príncipe de Vergara, Subdistrict Bernabéu-Hispanoamérica, District Chamartín, Madrid, Madrid city, Madrid",Chamartín,4.903672449705414,63.75
1323.878173828125,Flat,False,100,1st,2,2,True,True,True,True,True,True,True,False,False,True,True,False,"Calle de Valcarlos NN, Subdistrict Las Tablas, District Fuencarral, Madrid, Madrid city, Madrid",Fuencarral,9.978634011052948,85.0
1995.0556640625,Penthouse,False,198,5th,3,2,True,True,True,True,True,True,True,True,False,True,True,False,"Mirallos, 6, Subdistrict Las Tablas, District Fuencarral, Madrid, Madrid city, Madrid",Fuencarral,10.684986927994965,148.5
806.5379638671875,Flat,False,51,2nd,1,1,True,True,False,True,True,True,False,False,False,False,False,False,"Calle Isla Paragua, Subdistrict Tres Olivos - Valverde, District Fuencarral, Madrid, Madrid city, Madrid",Fuencarral,8.649651703343794,47.0
2894.180419921875,Terraced,False,350,4,4,4,True,False,True,True,True,True,True,True,False,True,False,False,", Subdistrict Tres Olivos - Valverde, District Fuencarral, Madrid, Madrid city, Madrid",Fuencarral,9.13502207840978,262.5
795.0249633789062,Flat,False,44,ground,1,1,True,True,False,True,True,True,False,False,False,False,False,False,"Plaza De Ribadeo, Subdistrict Pilar, District Fuencarral, Madrid, Madrid city, Madrid",Fuencarral,6.735281678631207,43.0
881.8386840820312,Flat,False,56,56,2,1,True,True,False,True,True,True,True,False,False,False,False,False,"Calle de Sarria, Subdistrict Pilar, District Fuencarral, Madrid, Madrid city, Madrid",Fuencarral,6.490406886191,51.0
1461.9918212890625,Flat,False,128,ground,3,2,True,True,True,True,True,True,False,True,False,True,True,False,"Calle de Castiello de Jaca, Subdistrict Las Tablas, District Fuencarral, Madrid, Madrid city, Madrid",Fuencarral,10.083072593947811,96.0
1372.0755615234375,Flat,False,89,3rd,3,2,True,True,False,True,True,False,True,False,False,False,True,False,", Subdistrict Arroyo del Fresno, District Fuencarral, Madrid, Madrid city, Madrid",Fuencarral,8.435409379759204,88.0
2290.849853515625,Flat,False,120,3rd,2,2,True,True,True,True,True,True,True,False,True,True,True,False,", Subdistrict Fuentelarreina, District Fuencarral, Madrid, Madrid city, Madrid",Fuencarral,7.70506580235295,90.0
1504.07763671875,Flat,False,124,1st,2,2,True,True,True,True,True,True,True,True,False,True,True,False,"Calle Cirauqui, Subdistrict Las Tablas, District Fuencarral, Madrid, Madrid city, Madrid",Fuencarral,9.53226354224272,98.0
2407.990234375,Flat,False,121,ground,3,2,True,True,True,True,True,False,True,True,False,True,True,False,", Subdistrict Fuentelarreina, District Fuencarral, Madrid, Madrid city, Madrid",Fuencarral,7.70506580235295,90.75
1176.09619140625,Flat,False,90,2nd,2,2,True,True,False,True,True,False,False,True,False,False,False,False,"Calle de la Villa de Marín, Subdistrict La Paz, District Fuencarral, Madrid, Madrid city, Madrid",Fuencarral,6.640196170994772,80.0
1125.7015380859375,Flat,False,80,5th,2,1,True,True,True,True,True,False,True,False,False,True,False,False,", Subdistrict Las Tablas, District Fuencarral, Madrid, Madrid city, Madrid",Fuencarral,8.730038410756322,60.0
1431.375,Flat,False,99,5th,2,2,True,True,True,True,True,True,True,True,False,True,True,False,"Avenida del Monasterio de Silos, Subdistrict Montecarmelo, District Fuencarral, Madrid, Madrid city, Madrid",Fuencarral,9.618793318478676,74.25
2609.732177734375,Flat,False,135,2nd,3,4,True,True,True,True,True,True,False,False,False,True,True,False,"Urb. Kronos Collection, Subdistrict Fuentelarreina, District Fuencarral, Madrid, Madrid city, Madrid",Fuencarral,7.70506580235295,101.25
1235.965576171875,Flat,False,95,6th,3,2,True,True,False,True,True,True,True,False,False,False,False,False,"Calle de las Islas Cíes, Subdistrict Peñagrande, District Fuencarral, Madrid, Madrid city, Madrid",Fuencarral,7.188039776980342,92.0
1003.1786499023438,Flat,False,70,8th,3,1,True,True,False,True,True,False,True,True,False,False,False,False,"Calle Ginzo de Limia, Subdistrict Pilar, District Fuencarral, Madrid, Madrid city, Madrid",Fuencarral,7.058019172201312,52.5
1013.6424560546875,Flat,False,63,ground,2,1,True,True,False,True,True,True,True,False,False,False,False,False,"Calle de Marcos de Orueta, 1, Subdistrict Tres Olivos - Valverde, District Fuencarral, Madrid, Madrid city, Madrid",Fuencarral,7.70858543762926,54.0
1896.03125,Flat,False,140,4th,3,2,True,True,False,True,True,True,True,False,False,True,True,False,"Calle Cándido Mateos, 37, Subdistrict Peñagrande, District Fuencarral, Madrid, Madrid city, Madrid",Fuencarral,6.704576790114456,95.0
1629.1978759765625,Flat,False,135,1st,3,2,True,True,True,True,True,True,True,False,True,True,True,False,"Calle Toques, Subdistrict Las Tablas, District Fuencarral, Madrid, Madrid city, Madrid",Fuencarral,10.666026793961333,101.25
2447.094970703125,Flat,False,223,3rd,4,3,True,True,True,True,True,True,True,False,False,True,True,False,"Urb. Fuentelarreina, Puerta de hierro, Subdistrict Fuentelarreina, District Fuencarral, Madrid, Madrid city, Madrid",Fuencarral,7.139769781192313,167.25
1481.060791015625,Penthouse,False,102,5th,2,2,True,True,False,True,True,True,True,True,False,False,True,False,"Calle cirauqui, Subdistrict Las Tablas, District Fuencarral, Madrid, Madrid city, Madrid",Fuencarral,9.53226354224272,76.5
3197.44482421875,Semi-detached,False,380,4,6,5,True,False,True,True,True,True,True,True,False,True,False,False,"Urb. MIRASIERRA, Subdistrict Mirasierra, District Fuencarral, Madrid, Madrid city, Madrid",Fuencarral,8.308398467189773,285.0
1841.7569580078125,Flat,False,145,4th,3,2,True,True,True,True,True,True,True,True,False,False,True,False,"Calle Julio Palacios, Subdistrict La Paz, District Fuencarral, Madrid, Madrid city, Madrid",Fuencarral,7.47606143630578,108.75
3222.515869140625,Terraced,False,380,380,6,5,True,False,False,True,True,True,True,True,True,True,True,False,"Calle Basilio de Prado, 24, Subdistrict Peñagrande, District Fuencarral, Madrid, Madrid city, Madrid",Fuencarral,7.371283341133779,340.0
2447.701904296875,Duplex,True,242,5th,6,4,True,True,False,True,True,True,True,True,False,True,True,False,"Calle Fresnedillas, 8, Urb. Los Robles I, Subdistrict Fuentelarreina, District Fuencarral, Madrid, Madrid city, Madrid",Fuencarral,7.513060305814491,181.5
3289.487548828125,Semi-detached,True,330,3,6,5,True,False,True,True,True,True,True,True,True,True,True,False,"Calle de Marbella, 19, Urb. Mirasierra, Subdistrict Mirasierra, District Fuencarral, Madrid, Madrid city, Madrid",Fuencarral,8.324267127589977,247.5
1263.3916015625,Flat,False,90,4th,2,2,True,True,True,True,True,True,True,False,False,True,True,False,"Avenida del Camino de Santiago, 31, Urb. Las tablas, Subdistrict Las Tablas, District Fuencarral, Madrid, Madrid city, Madrid",Fuencarral,10.057595950881272,70.0
717.305419921875,Studio,False,35,1st,0,1,True,True,True,False,False,True,True,False,False,False,False,False,"Calle de María Tubau, 6, Subdistrict Las Tablas, District Fuencarral, Madrid, Madrid city, Madrid",Fuencarral,11.187726636549373,26.25
3076.687744140625,Flat,False,288,2nd,5,5,True,True,True,True,True,True,True,True,True,True,True,False,", Subdistrict Las Tablas, District Fuencarral, Madrid, Madrid city, Madrid",Fuencarral,8.730038410756322,216.0
1370.2391357421875,Flat,False,105,5th,2,2,True,True,True,True,True,True,False,False,False,True,True,False,"Calle San Juan de Ortega, Subdistrict Las Tablas, District Fuencarral, Madrid, Madrid city, Madrid",Fuencarral,9.967840052237417,67.0
1171.471923828125,Flat,False,84,6th,2,1,True,True,True,True,True,True,True,True,False,True,True,False,", Subdistrict Las Tablas, District Fuencarral, Madrid, Madrid city, Madrid",Fuencarral,8.730038410756322,63.0
1813.8709716796875,Penthouse,False,117,13th,3,2,True,True,True,True,True,True,False,True,False,True,True,False,"Calle del Doctor Ramón Castroviejo, Subdistrict Peñagrande, District Fuencarral, Madrid, Madrid city, Madrid",Fuencarral,6.670804239312814,82.0
2139.467041015625,Flat,True,205,4th,4,3,True,True,True,True,True,True,True,True,False,False,True,False,"Calle Río Bullaque, 6, Subdistrict La Paz, District Fuencarral, Madrid, Madrid city, Madrid",Fuencarral,7.936332306823123,181.0
2629.8818359375,Flat,False,230,13th,4,4,True,True,True,True,True,True,False,True,False,False,False,False,"Calle de Gabriela Mistral, Subdistrict Peñagrande, District Fuencarral, Madrid, Madrid city, Madrid",Fuencarral,7.525588616789338,172.5
2697.358642578125,Flat,True,208,1st,5,3,True,True,True,True,True,True,True,True,True,True,True,False,"Avenida del Monasterio de Silos, 86, Subdistrict Montecarmelo, District Fuencarral, Madrid, Madrid city, Madrid",Fuencarral,10.534486390862194,180.0
2487.290283203125,Flat,False,236,1st,4,3,True,True,True,True,True,True,True,False,False,True,True,False,"Calle Chapinería, Subdistrict Fuentelarreina, District Fuencarral, Madrid, Madrid city, Madrid",Fuencarral,7.240686399058752,177.0
2085.767822265625,Flat,False,145,1st,3,2,True,True,True,True,True,True,True,True,False,True,True,False,"Calle Chapinería, 3, Subdistrict Fuentelarreina, District Fuencarral, Madrid, Madrid city, Madrid",Fuencarral,7.247148840151956,140.0
1479.7720947265625,Flat,True,134,4th,3,2,True,True,False,True,True,True,True,True,False,False,True,False,"Calle de Melchor Fernandez Almagro, 17, Subdistrict La Paz, District Fuencarral, Madrid, Madrid city, Madrid",Fuencarral,6.7423259851820285,100.5
1384.7069091796875,Flat,False,60,3rd,1,1,True,True,True,True,True,True,True,False,False,True,True,False,", Subdistrict Peñagrande, District Fuencarral, Madrid, Madrid city, Madrid",Fuencarral,6.733549437528208,50.0
1124.685546875,Flat,True,110,ground,2,1,True,True,False,True,True,False,False,False,False,False,False,False,"Calle de las Islas Bermudas, 12, Urb. Madrid, Subdistrict Tres Olivos - Valverde, District Fuencarral, Madrid, Madrid city, Madrid",Fuencarral,8.638774382081655,100.0
2736.111572265625,Flat,True,230,5th,4,3,True,True,True,True,True,True,True,True,True,True,True,False,"Calle de Gabriela Mistral, 14, Subdistrict Peñagrande, District Fuencarral, Madrid, Madrid city, Madrid",Fuencarral,7.830782953984315,190.0
3412.26953125,Duplex,False,256,1st,3,3,True,True,True,True,True,True,True,True,True,False,True,False,"Calle Alejandro Casona, Subdistrict Peñagrande, District Fuencarral, Madrid, Madrid city, Madrid",Fuencarral,7.572263198936181,200.0
2426.63232421875,Flat,False,216,7th,5,4,True,True,True,True,True,True,False,True,False,False,False,False,"Costa Brava, Subdistrict Mirasierra, District Fuencarral, Madrid, Madrid city, Madrid",Fuencarral,9.226141759143388,162.0
1940.8792724609375,Detached,False,147,147,4,2,True,False,False,True,True,True,True,True,False,False,False,False,"Cabo López Martínez, Subdistrict El Pardo, District Fuencarral, Madrid, Madrid city, Madrid",Fuencarral,12.434428760270627,139.0
1475.9447021484375,Flat,False,100,14th,3,2,True,True,True,True,True,True,False,True,False,True,True,False,"Calle de Fermín Caballero NN, Subdistrict Peñagrande, District Fuencarral, Madrid, Madrid city, Madrid",Fuencarral,7.125723581822373,75.0
1287.5853271484375,Flat,False,106,1st,3,2,True,True,False,True,True,True,False,False,False,False,False,False,"Avenida de El Ferrol, Subdistrict Pilar, District Fuencarral, Madrid, Madrid city, Madrid",Fuencarral,6.538418521595729,79.5
1412.8531494140625,Flat,False,102,1st,3,2,True,True,True,True,True,True,True,False,False,True,True,False,"Calle Monasterio de Samos, Subdistrict Montecarmelo, District Fuencarral, Madrid, Madrid city, Madrid",Fuencarral,9.95081812378926,95.0
1300.583740234375,Flat,True,105,1st,3,2,True,True,True,True,True,True,False,True,False,True,True,False,"Calle de Villava, 8, Subdistrict Las Tablas, District Fuencarral, Madrid, Madrid city, Madrid",Fuencarral,9.4512417644677,100.0
1576.5543212890625,Flat,False,81,12th,1,2,True,True,True,True,True,True,False,False,False,True,True,False,", Subdistrict Fuentelarreina, District Fuencarral, Madrid, Madrid city, Madrid",Fuencarral,7.70506580235295,57.0
1354.7281494140625,Flat,False,75,3rd,2,2,True,True,True,True,True,True,True,True,False,True,True,False,"Avenida del Ventisquero de la Condesa, 7, Subdistrict Arroyo del Fresno, District Fuencarral, Madrid, Madrid city, Madrid",Fuencarral,7.787856072040965,65.0
1167.99169921875,Flat,True,80,2nd,3,1,True,True,True,True,True,True,False,False,False,True,True,False,"Avenida del Camino de Santiago, 15, Subdistrict Las Tablas, District Fuencarral, Madrid, Madrid city, Madrid",Fuencarral,9.328225685456228,75.0
1366.761474609375,Flat,False,90,9th,3,2,True,True,False,True,True,True,True,True,False,True,True,False,"Ramón Gómez de la Serna, Subdistrict Peñagrande, District Fuencarral, Madrid, Madrid city, Madrid",Fuencarral,7.484117376910123,80.0
1311.5589599609375,Flat,False,115,1st,3,2,True,True,True,True,True,True,False,True,False,True,True,False,", Subdistrict Las Tablas, District Fuencarral, Madrid, Madrid city, Madrid",Fuencarral,8.730038410756322,100.0
1598.75341796875,Flat,False,110,9th,3,2,True,True,True,True,True,True,True,True,False,False,False,False,"Avenida de Monforte de Lemos, 83, Subdistrict La Paz, District Fuencarral, Madrid, Madrid city, Madrid",Fuencarral,6.981862182198198,82.5
1385.265380859375,Flat,False,90,2nd,2,2,True,True,False,True,True,False,True,True,False,False,False,False,", Subdistrict La Paz, District Fuencarral, Madrid, Madrid city, Madrid",Fuencarral,7.361785620850517,89.0
3030.326904296875,Flat,False,256,1st,5,4,True,True,True,True,True,True,True,True,True,True,True,False,", Subdistrict Mirasierra, District Fuencarral, Madrid, Madrid city, Madrid",Fuencarral,8.308398467189773,192.0
1317.1737060546875,Flat,True,90,2nd,2,2,True,True,True,True,True,True,True,False,False,True,True,False,"Avenida Monasterio de Silos, 80, Subdistrict Montecarmelo, District Fuencarral, Madrid, Madrid city, Madrid",Fuencarral,10.263561352936918,70.0
1439.940673828125,Flat,False,97,2nd,2,2,True,True,True,True,True,True,True,True,True,True,True,False,"Calle del Valle de Pinares Llanos, 8, Subdistrict Arroyo del Fresno, District Fuencarral, Madrid, Madrid city, Madrid",Fuencarral,7.783508183639297,89.0
1283.077880859375,Flat,False,105,1st,3,2,True,True,True,True,True,True,False,True,False,True,True,False,"Calle DE OBANOS, Urb. SI, Subdistrict Las Tablas, District Fuencarral, Madrid, Madrid city, Madrid",Fuencarral,9.363605279327,78.75
3288.9638671875,Terraced,False,287,4,6,5,True,False,True,True,True,True,True,True,False,True,True,False,", Subdistrict Montecarmelo, District Fuencarral, Madrid, Madrid city, Madrid",Fuencarral,9.887931543885756,215.25
1481.822265625,Flat,False,90,2nd,2,2,True,True,False,True,True,False,True,True,True,False,True,False,", Subdistrict Mirasierra, District Fuencarral, Madrid, Madrid city, Madrid",Fuencarral,8.308398467189773,89.0
1137.4141845703125,Flat,False,110,ground,2,1,True,True,False,True,True,False,False,False,False,False,False,False,"Calle ISLAS VIRGENES, Urb. NO, Subdistrict Tres Olivos - Valverde, District Fuencarral, Madrid, Madrid city, Madrid",Fuencarral,8.731853518615848,82.5
1024.4520263671875,Flat,False,80,11th,3,1,True,True,False,True,True,False,False,True,False,False,False,False,"Isla de Arosa, 25, Subdistrict Peñagrande, District Fuencarral, Madrid, Madrid city, Madrid",Fuencarral,7.11695562280588,60.0
1222.3734130859375,Flat,False,68,4th,1,1,True,True,True,True,True,True,True,False,False,True,True,False,"Calle de Joaquín Lorenzo, Subdistrict Peñagrande, District Fuencarral, Madrid, Madrid city, Madrid",Fuencarral,6.768999627323634,51.0
1311.470458984375,Flat,False,100,1st,2,2,True,True,True,True,True,True,True,False,False,True,True,False,"Calle Valcarlos, Subdistrict Las Tablas, District Fuencarral, Madrid, Madrid city, Madrid",Fuencarral,9.978634011052948,75.0
3021.541015625,Flat,False,288,2nd,5,5,True,True,True,True,True,True,True,True,True,True,True,False,"Calle Cirauqui NN, Subdistrict Las Tablas, District Fuencarral, Madrid, Madrid city, Madrid",Fuencarral,9.53226354224272,230.0
2726.512451171875,Penthouse,False,170,5th,4,3,True,True,True,True,True,True,True,True,False,True,True,False,"Federica Montseny, 10 - 30, Urb. Montesella, Subdistrict Arroyo del Fresno, District Fuencarral, Madrid, Madrid city, Madrid",Fuencarral,8.649935914319222,127.5
1099.5953369140625,Flat,False,80,ground,2,1,True,True,True,True,True,True,True,False,False,False,False,False,"Amadeo Gomez, Urb. si, Subdistrict Peñagrande, District Fuencarral, Madrid, Madrid city, Madrid",Fuencarral,6.9069405375144175,60.0
2136.5693359375,Flat,False,188,6th,5,4,True,True,False,True,True,False,False,True,False,False,True,False,", Subdistrict La Paz, District Fuencarral, Madrid, Madrid city, Madrid",Fuencarral,7.361785620850517,187.0
929.3829345703125,Flat,False,51,6th,2,1,True,True,False,True,True,True,True,False,False,False,False,False,"Plaza de Ribadeo, Subdistrict Pilar, District Fuencarral, Madrid, Madrid city, Madrid",Fuencarral,6.735281678631207,38.25
969.254638671875,Flat,False,74,1st,2,1,True,True,False,True,True,True,True,True,False,False,False,False,"Plaza del Pico Salvaguardia, Subdistrict Peñagrande, District Fuencarral, Madrid, Madrid city, Madrid",Fuencarral,7.412562967347072,55.5
1917.376220703125,Flat,True,175,175,3,2,True,True,False,True,True,True,False,True,False,False,False,False,"Calle de las Islas Bermudas, 28, Subdistrict Tres Olivos - Valverde, District Fuencarral, Madrid, Madrid city, Madrid",Fuencarral,8.69712046922313,140.0
1270.273193359375,Flat,False,83,3rd,2,2,True,True,True,True,True,True,True,False,False,True,True,False,"Calle Grañón, Urb. Las Tablas, Subdistrict Las Tablas, District Fuencarral, Madrid, Madrid city, Madrid",Fuencarral,10.236231212734156,65.0
3234.643798828125,Flat,False,211,4th,5,4,True,True,True,True,True,True,True,True,False,False,True,False,"Julio Palacios, Subdistrict La Paz, District Fuencarral, Madrid, Madrid city, Madrid",Fuencarral,7.363285714597536,158.25
1384.7503662109375,Flat,False,90,2nd,2,2,True,True,False,True,True,True,True,True,False,False,False,False,", Subdistrict La Paz, District Fuencarral, Madrid, Madrid city, Madrid",Fuencarral,7.361785620850517,80.0
1324.229736328125,Flat,False,110,4th,3,2,True,True,False,True,True,False,True,False,False,False,False,False,", Subdistrict Peñagrande, District Fuencarral, Madrid, Madrid city, Madrid",Fuencarral,6.733549437528208,109.0
1286.6055908203125,Flat,True,100,2nd,2,2,True,True,True,True,True,True,True,False,False,True,True,False,"Paseo Tierra de Melide, 15 A, Subdistrict Las Tablas, District Fuencarral, Madrid, Madrid city, Madrid",Fuencarral,10.57068436563472,80.0
1266.480224609375,Penthouse,False,80,4th,2,2,True,True,True,True,True,True,True,True,False,True,False,False,"Avenida del Monasterio de El Escorial, Subdistrict Montecarmelo, District Fuencarral, Madrid, Madrid city, Madrid",Fuencarral,9.72622895302218,70.0
1609.8468017578125,Flat,False,130,130,3,2,True,True,True,True,True,True,False,False,False,True,True,False,"Santuario de Valverde, Urb. Santuario de Valverde, Subdistrict Montecarmelo, District Fuencarral, Madrid, Madrid city, Madrid",Fuencarral,11.114785413810424,110.0
3170.48779296875,Flat,False,174,2nd,3,4,True,True,True,True,True,True,True,False,False,True,True,False,"Calle de Jesús de Polanco, 10, Subdistrict Peñagrande, District Fuencarral, Madrid, Madrid city, Madrid",Fuencarral,6.8708962930637165,117.0
1253.110595703125,Flat,True,70,1st,2,2,True,True,True,True,True,True,True,True,False,True,False,False,"Avenida del Monasterio de Silos, 63, Subdistrict Montecarmelo, District Fuencarral, Madrid, Madrid city, Madrid",Fuencarral,9.909541194337406,52.5
1195.68212890625,Flat,True,81,1st,2,2,True,True,True,True,True,True,True,False,False,False,True,False,"Calle de Alonso Quijano, 71, Urb. Urbanizacion Tres Olivos, Subdistrict Tres Olivos - Valverde, District Fuencarral, Madrid, Madrid city, Madrid",Fuencarral,9.518119449473918,60.75
888.612548828125,Flat,True,60,3rd,3,1,True,True,False,True,True,True,False,False,False,False,False,False,", Subdistrict Tres Olivos - Valverde, District Fuencarral, Madrid, Madrid city, Madrid",Fuencarral,9.13502207840978,45.0
831.552001953125,Flat,False,55,4th,2,1,True,True,False,True,True,True,False,False,True,True,False,False,"Calle de Marcos de Orueta, Subdistrict Tres Olivos - Valverde, District Fuencarral, Madrid, Madrid city, Madrid",Fuencarral,7.698067495078982,41.25
868.8043823242188,Flat,False,54,ground,1,1,True,True,False,True,True,True,True,False,False,False,False,False,"Calle Islas Jarvi, Subdistrict Tres Olivos - Valverde, District Fuencarral, Madrid, Madrid city, Madrid",Fuencarral,8.538145885977427,40.5
1690.171142578125,Duplex,False,114,1st,3,2,True,True,True,True,True,True,True,False,False,True,False,False,"Calle de Martínez Corrochano, Subdistrict Adelfas, District Retiro, Madrid, Madrid city, Madrid",Retiro,3.33453407094993,85.5
5704.3798828125,Penthouse,False,211,8th,4,3,True,True,True,True,True,True,True,True,True,False,False,False,"Calle de Alfonso XII, Subdistrict Jerónimos, District Retiro, Madrid, Madrid city, Madrid",Retiro,1.728884506088597,158.25
1210.4290771484375,Flat,True,40,1st,1,1,True,True,False,True,True,True,True,False,False,False,False,False,"Calle de Narváez, 72 , Piso 1º, Subdistrict Ibiza, District Retiro, Madrid, Madrid city, Madrid",Retiro,2.2944574795057444,30.0
1417.38134765625,Flat,False,60,3rd,2,1,True,True,False,True,True,True,True,False,False,False,False,False,"Calle de Ibiza, Subdistrict Ibiza, District Retiro, Madrid, Madrid city, Madrid",Retiro,2.462754405847777,45.0
1399.4193115234375,Flat,True,85,4th,1,1,True,True,False,True,True,True,False,False,False,False,False,False,"Sainz de Baranda, 2, Subdistrict Ibiza, District Retiro, Madrid, Madrid city, Madrid",Retiro,2.19328151077745,63.75
2186.28955078125,Flat,False,166,4th,4,3,True,True,True,True,True,True,True,False,False,True,True,False,"sirio, 66, Subdistrict Estrella, District Retiro, Madrid, Madrid city, Madrid",Retiro,3.324965052450183,124.5
1511.306884765625,Flat,False,75,5th,2,2,True,True,True,True,True,True,True,False,False,False,False,False,"Calle de Cavanilles, Subdistrict Pacífico, District Retiro, Madrid, Madrid city, Madrid",Retiro,2.7057747854758194,70.0
2586.881591796875,Flat,False,159,9th,3,2,True,True,True,True,True,True,True,False,False,False,False,False,"Calle del Poeta Esteban de Villegas, Subdistrict Jerónimos, District Retiro, Madrid, Madrid city, Madrid",Retiro,2.2243347314584185,119.25
1111.923583984375,Flat,False,66,2nd,3,1,True,True,False,True,True,True,False,False,False,False,False,False,", Subdistrict Pacífico, District Retiro, Madrid, Madrid city, Madrid",Retiro,2.6004293262731606,49.5
1319.6414794921875,Flat,False,72,4th,2,1,True,True,False,True,True,True,True,True,True,False,True,False,"Calle de Sánchez Barcáiztegui, Subdistrict Pacífico, District Retiro, Madrid, Madrid city, Madrid",Retiro,2.8505189381619327,54.0
1144.062744140625,Flat,False,72,4th,2,1,True,True,False,True,True,True,True,True,False,False,False,False,", Subdistrict Pacífico, District Retiro, Madrid, Madrid city, Madrid",Retiro,2.6004293262731606,54.0
2516.29296875,Flat,False,110,4th,3,2,True,True,False,True,True,True,True,True,False,False,False,False,"Calle de Menorca, Subdistrict Ibiza, District Retiro, Madrid, Madrid city, Madrid",Retiro,2.3586883048907805,98.0
1490.0455322265625,Flat,False,65,3rd,3,1,True,True,False,True,True,False,False,False,False,False,False,False,"Calle del Alcalde Sainz de Baranda, Subdistrict Ibiza, District Retiro, Madrid, Madrid city, Madrid",Retiro,2.5882040861202182,48.75
2429.385498046875,Flat,False,154,2nd,3,2,True,True,False,True,True,False,False,False,False,False,False,False,"Avenida de Menéndez Pelayo, Subdistrict Ibiza, District Retiro, Madrid, Madrid city, Madrid",Retiro,2.265947615163872,115.5
1540.665771484375,Flat,True,83,5th,3,2,True,True,True,True,True,True,True,True,True,False,False,False,"Calle de Valderribas, 48, Subdistrict Adelfas, District Retiro, Madrid, Madrid city, Madrid",Retiro,3.0589419606596246,62.25
1203.11181640625,Flat,False,55,ground,1,1,True,True,False,True,True,False,True,False,False,True,False,False,"Calle del Pez Volador, Subdistrict Estrella, District Retiro, Madrid, Madrid city, Madrid",Retiro,3.2309931757006605,50.0
5237.3544921875,Flat,False,240,3rd,3,4,True,True,False,True,True,True,True,False,False,True,False,False,"Calle de Antonio Maura, Subdistrict Jerónimos, District Retiro, Madrid, Madrid city, Madrid",Retiro,1.1281835538056313,180.0
2262.345703125,Flat,False,128,1st,3,1,True,True,False,True,True,True,True,False,False,False,False,False,"Calle del Doctor Castelo, Subdistrict Ibiza, District Retiro, Madrid, Madrid city, Madrid",Retiro,2.513372149635072,100.0
2501.164794921875,Penthouse,False,178,4th,3,2,True,True,True,True,True,True,True,True,False,False,True,False,", Subdistrict Adelfas, District Retiro, Madrid, Madrid city, Madrid",Retiro,3.075741579139863,140.0
1676.306884765625,Studio,True,132,ground,0,1,True,True,False,True,True,True,True,False,True,False,True,False,"Calle de ibiza, 29, Subdistrict Ibiza, District Retiro, Madrid, Madrid city, Madrid",Retiro,2.454672869229045,99.0
1537.1087646484375,Flat,False,60,6th,1,1,True,True,False,True,True,True,True,False,False,False,False,False,"Juan de Mena, Subdistrict Jerónimos, District Retiro, Madrid, Madrid city, Madrid",Retiro,1.1115047241795886,50.0
1718.424560546875,Flat,False,110,5th,2,1,True,True,False,True,True,False,False,False,False,False,False,False,"Calle de Fernán González, Subdistrict Ibiza, District Retiro, Madrid, Madrid city, Madrid",Retiro,2.473347812099272,100.0
1790.90869140625,Flat,True,125,3rd,3,2,True,True,False,True,True,True,False,False,False,True,False,False,"Calle Roncesvalles, 5, Subdistrict Niño Jesús, District Retiro, Madrid, Madrid city, Madrid",Retiro,2.4340354053674296,120.0
2503.46142578125,Flat,False,79,3rd,2,2,True,True,False,True,True,False,False,False,True,False,False,False,"C. de Alfonso XII, Urb. Jerónimos, Subdistrict Jerónimos, District Retiro, Madrid, Madrid city, Madrid",Retiro,1.3298397765029435,78.0
2946.574462890625,Flat,False,192,5th,4,3,True,True,False,True,True,False,True,False,False,True,False,False,", Subdistrict Niño Jesús, District Retiro, Madrid, Madrid city, Madrid",Retiro,2.4072202323575618,144.0
1737.815673828125,Flat,False,46,2nd,1,2,True,True,False,True,True,False,True,False,False,False,False,False,"Calle de Valderribas, Subdistrict Adelfas, District Retiro, Madrid, Madrid city, Madrid",Retiro,3.0016599731612925,34.5
3157.615234375,Flat,False,113,5th,3,3,True,True,False,True,True,False,True,False,True,False,False,False,"C. de Menorca, Urb. Ibiza, Subdistrict Ibiza, District Retiro, Madrid, Madrid city, Madrid",Retiro,2.3586883048907805,112.0
3785.913818359375,Flat,False,200,6th,3,4,True,True,True,True,True,True,True,True,True,True,False,False,"Calle de Espalter, Subdistrict Jerónimos, District Retiro, Madrid, Madrid city, Madrid",Retiro,1.2454933817729448,197.0
1767.3853759765625,Flat,False,45,1st,1,1,True,True,False,True,True,False,True,False,False,False,False,False,"Avenida de la Ciudad de Barcelona, Subdistrict Pacífico, District Retiro, Madrid, Madrid city, Madrid",Retiro,2.591273363048715,33.75
3892.856689453125,Flat,False,240,1st,3,3,True,True,False,True,True,True,False,False,True,True,False,False,"Calle Valenzuela, 10, Subdistrict Jerónimos, District Retiro, Madrid, Madrid city, Madrid",Retiro,1.2261314024761707,200.0
1170.7490234375,Flat,False,50,5th,3,1,True,True,False,True,True,True,True,False,False,False,False,False,"GRANADA, 42, Subdistrict Pacífico, District Retiro, Madrid, Madrid city, Madrid",Retiro,2.7798232420496385,37.5
2218.19287109375,Flat,False,38,3rd,1,1,True,True,False,True,True,True,True,False,False,False,False,False,"Calle del Doctor Castelo, 22, Subdistrict Ibiza, District Retiro, Madrid, Madrid city, Madrid",Retiro,2.3245780770629425,28.5
1865.5740966796875,Flat,False,95,2nd,2,2,True,True,False,True,True,False,True,False,False,False,False,False,"Calle de Federico Moreno Torroba, Subdistrict Adelfas, District Retiro, Madrid, Madrid city, Madrid",Retiro,3.316943740595608,71.25
2255.712890625,Flat,False,73,2nd,2,2,True,True,False,True,True,True,True,False,False,False,True,False,"Avenida de Menéndez Pelayo, 67, Subdistrict Niño Jesús, District Retiro, Madrid, Madrid city, Madrid",Retiro,2.4087454125218417,54.75
1931.1201171875,Flat,True,180,3rd,5,3,True,True,True,True,True,True,False,True,False,False,False,False,"Calle León Gil de Palacio, 5, Subdistrict Pacífico, District Retiro, Madrid, Madrid city, Madrid",Retiro,2.632311391536142,135.0
1996.0548095703125,Flat,False,65,2nd,1,1,True,True,False,False,False,False,True,False,False,False,False,False,"Calle de Juan de Urbieta, Subdistrict Pacífico, District Retiro, Madrid, Madrid city, Madrid",Retiro,2.622528915493589,48.75
2394.17138671875,Flat,False,250,1st,5,3,True,True,True,True,True,True,False,False,True,False,False,False,"del comercio, Subdistrict Pacífico, District Retiro, Madrid, Madrid city, Madrid",Retiro,2.974573583338084,187.5
914.8496704101562,Flat,False,40,1st,2,1,True,True,False,True,True,False,False,False,False,False,False,False,"granada, Subdistrict Pacífico, District Retiro, Madrid, Madrid city, Madrid",Retiro,2.608788098180149,30.0
707.8975830078125,Studio,False,29,ground,0,1,True,True,False,True,True,False,True,False,False,False,False,False,", Subdistrict Adelfas, District Retiro, Madrid, Madrid city, Madrid",Retiro,3.075741579139863,25.0
835.7437133789062,Flat,True,40,4th,1,1,True,True,False,True,True,True,False,False,False,False,False,False,"Calle de Valderribas, 1, Subdistrict Pacífico, District Retiro, Madrid, Madrid city, Madrid",Retiro,2.29345209256422,30.0
1440.4775390625,Studio,False,59,1st,0,1,True,True,False,True,True,False,True,False,False,False,False,False,"Avenida de la Ciudad de Barcelona, Subdistrict Adelfas, District Retiro, Madrid, Madrid city, Madrid",Retiro,3.21156033980884,44.25
913.216552734375,Studio,True,55,ground,0,1,True,True,False,True,True,True,False,False,False,False,False,False,"Calle de Valderribas, 88, Subdistrict Adelfas, District Retiro, Madrid, Madrid city, Madrid",Retiro,3.400323064866051,50.0
3372.36865234375,Detached,False,165,2,3,2,True,False,True,True,True,True,False,True,False,True,False,False,"Calle Avendaño, Subdistrict Niño Jesús, District Retiro, Madrid, Madrid city, Madrid",Retiro,2.7727118708457428,123.75
3060.42431640625,Flat,False,130,1st,2,2,True,True,False,True,True,True,True,False,True,False,False,False,", Subdistrict Ibiza, District Retiro, Madrid, Madrid city, Madrid",Retiro,2.459560721238397,97.5
3463.135498046875,Flat,False,252,4th,4,3,True,True,True,True,True,False,True,False,False,False,False,False,"Calle de Alberto Bosch, Subdistrict Jerónimos, District Retiro, Madrid, Madrid city, Madrid",Retiro,1.2174613081042889,189.0
1162.5283203125,Flat,True,77,6th,2,1,True,True,False,True,True,True,True,False,False,False,False,False,"Calle de Antonio Arias, 6, Subdistrict Ibiza, District Retiro, Madrid, Madrid city, Madrid",Retiro,2.7250890399453995,75.0
2232.46435546875,Flat,False,160,1st,4,3,True,True,True,True,True,True,True,False,False,False,False,False,"Calle de Ángel Ganivet, Subdistrict Niño Jesús, District Retiro, Madrid, Madrid city, Madrid",Retiro,2.8430229488639,120.0
1894.7313232421875,Flat,False,121,8th,3,2,True,True,False,True,True,False,False,False,False,False,False,False,"Calle del Alcalde Sainz de Baranda, 53, Subdistrict Ibiza, District Retiro, Madrid, Madrid city, Madrid",Retiro,2.776967563190526,100.0
1726.6614990234375,Flat,False,79,4th,2,2,True,True,False,True,True,True,True,False,False,False,False,False,"Calle de Antonio Arias, 2, Subdistrict Ibiza, District Retiro, Madrid, Madrid city, Madrid",Retiro,2.7297791137094736,67.0
1600.6416015625,Flat,False,80,1st,1,1,True,True,False,False,False,False,False,True,False,False,False,False,", Subdistrict Jerónimos, District Retiro, Madrid, Madrid city, Madrid",Retiro,1.728884506088597,70.0
2632.448974609375,Flat,False,135,1st,3,2,True,True,True,True,True,True,True,True,False,True,False,False,"Calle de Alfonso XII, Subdistrict Jerónimos, District Retiro, Madrid, Madrid city, Madrid",Retiro,1.728884506088597,100.0
1819.1854248046875,Flat,False,95,4th,2,2,True,True,True,True,True,True,True,False,False,False,True,False,"Avenida de Nazaret, Subdistrict Niño Jesús, District Retiro, Madrid, Madrid city, Madrid",Retiro,2.709362843467403,71.25
1133.8558349609375,Flat,False,71,ground,1,1,True,True,False,True,True,False,True,True,False,False,False,False,", Subdistrict Pacífico, District Retiro, Madrid, Madrid city, Madrid",Retiro,2.6004293262731606,62.0
1129.962158203125,Flat,False,55,ground,1,1,True,True,False,True,True,True,True,False,False,False,False,False,"Calle del Pez Volador, Subdistrict Estrella, District Retiro, Madrid, Madrid city, Madrid",Retiro,3.2309931757006605,41.25
1016.4940795898438,Flat,True,45,ground,2,1,True,True,False,True,True,True,False,False,False,False,False,False,"Calle de Ibiza, 16, Subdistrict Ibiza, District Retiro, Madrid, Madrid city, Madrid",Retiro,2.2969123689515936,33.75
1155.98583984375,Flat,False,55,55,2,1,True,True,False,True,True,True,False,False,False,False,False,False,"Calle de Ruiz de Alarcón, Subdistrict Jerónimos, District Retiro, Madrid, Madrid city, Madrid",Retiro,1.0536355981212648,50.0
3954.2890625,Flat,False,200,3rd,4,3,True,True,False,True,True,True,False,False,True,False,False,False,"Calle de Montalbán, Subdistrict Jerónimos, District Retiro, Madrid, Madrid city, Madrid",Retiro,1.110350307996797,150.0
3057.4150390625,Penthouse,False,124,8th,3,3,True,True,False,True,True,True,True,True,True,False,False,False,"Calle de O'Donnell, Madrid, Subdistrict Ibiza, District Retiro, Madrid, Madrid city, Madrid",Retiro,2.5624314115786957,93.0
1388.6302490234375,Flat,False,76,3rd,3,2,True,True,False,True,True,True,True,False,False,False,False,False,"Paseo Reina Cristina, 8, Subdistrict Pacífico, District Retiro, Madrid, Madrid city, Madrid",Retiro,2.102629427856566,57.0
1061.9478759765625,Flat,False,54,54,2,1,True,True,False,True,True,False,False,False,False,False,False,False,"Avenida de la Ciudad de Barcelona, Subdistrict Pacífico, District Retiro, Madrid, Madrid city, Madrid",Retiro,2.591273363048715,50.0
1001.009033203125,Flat,False,60,ground,1,1,True,True,False,True,True,False,False,False,False,False,False,False,", Subdistrict Adelfas, District Retiro, Madrid, Madrid city, Madrid",Retiro,3.075741579139863,59.0
1085.983154296875,Flat,True,55,ground,1,1,True,True,True,True,True,True,True,False,False,False,False,False,"Calle del Pez Volador, 9, Subdistrict Estrella, District Retiro, Madrid, Madrid city, Madrid",Retiro,3.029300788609395,41.25
1050.035400390625,Flat,False,50,4th,1,1,True,True,False,True,True,True,True,False,False,False,False,False,"Calle de Gandía, Subdistrict Adelfas, District Retiro, Madrid, Madrid city, Madrid",Retiro,3.4520597086251867,37.5
3558.231201171875,Flat,False,160,5th,3,3,True,True,True,True,True,True,True,True,False,True,False,False,"Avenida de Menéndez Pelayo, Subdistrict Ibiza, District Retiro, Madrid, Madrid city, Madrid",Retiro,2.265947615163872,120.0
2258.9208984375,Flat,False,160,1st,4,3,True,True,True,True,True,True,True,False,False,False,False,False,", Subdistrict Niño Jesús, District Retiro, Madrid, Madrid city, Madrid",Retiro,2.4072202323575618,144.0
1435.6435546875,Flat,False,51,2nd,2,1,True,True,False,True,True,True,False,False,False,False,False,False,"Calle de Narváez, Subdistrict Ibiza, District Retiro, Madrid, Madrid city, Madrid",Retiro,2.39781144800043,38.25
1174.0545654296875,Flat,True,80,6th,2,1,True,True,False,True,True,False,True,True,False,False,False,False,"Calle de Sánchez Barcáiztegui, 31, Subdistrict Pacífico, District Retiro, Madrid, Madrid city, Madrid",Retiro,2.839508789912243,65.0
1126.773193359375,Flat,False,65,1st,2,1,True,True,False,True,True,True,False,False,False,False,False,False,"Calle Andrés Torrejón, Subdistrict Pacífico, District Retiro, Madrid, Madrid city, Madrid",Retiro,2.1518202883728472,48.75
1374.946533203125,Flat,False,77,5th,3,1,True,True,False,True,True,True,False,False,False,False,False,False,"Calle de Fernán González, Subdistrict Ibiza, District Retiro, Madrid, Madrid city, Madrid",Retiro,2.473347812099272,57.75
1079.945556640625,Flat,False,60,6th,2,1,True,True,False,True,True,False,False,False,False,False,False,False,"Antonio Arias, Subdistrict Ibiza, District Retiro, Madrid, Madrid city, Madrid",Retiro,2.729227783805372,45.0
995.5159301757812,Flat,False,38,3rd,1,1,True,True,False,True,True,True,True,False,False,False,False,False,"Avenida de la Ciudad de Barcelona, Subdistrict Pacífico, District Retiro, Madrid, Madrid city, Madrid",Retiro,2.591273363048715,35.0
2257.1904296875,Penthouse,True,111,7th,3,2,True,True,False,True,True,True,True,True,False,True,False,False,"Calle de Ibiza, 40, Subdistrict Ibiza, District Retiro, Madrid, Madrid city, Madrid",Retiro,2.5404909760181478,103.0
1518.75244140625,Flat,True,93,4th,3,2,True,True,True,True,True,True,True,False,False,True,True,False,"Calle Jativa, 4, Subdistrict Adelfas, District Retiro, Madrid, Madrid city, Madrid",Retiro,3.1981170906920244,75.0
917.637939453125,Flat,False,40,3rd,2,1,True,True,False,True,True,False,False,False,False,False,False,False,"Narvaez, Subdistrict Ibiza, District Retiro, Madrid, Madrid city, Madrid",Retiro,2.39781144800043,30.0
1145.534912109375,Flat,False,64,ground,2,1,True,True,False,True,True,False,False,False,False,False,False,False,", Subdistrict Ibiza, District Retiro, Madrid, Madrid city, Madrid",Retiro,2.459560721238397,56.0
2317.505615234375,Flat,False,139,1st,4,3,True,True,True,True,True,True,True,True,False,False,True,False,"Calle Doce de Octubre, 32, Subdistrict Niño Jesús, District Retiro, Madrid, Madrid city, Madrid",Retiro,2.6213000204398624,121.0
988.508056640625,Flat,False,55,1st,1,1,True,True,False,True,True,False,False,False,False,False,False,False,"Calle Doctor Esquerdo, Subdistrict Estrella, District Retiro, Madrid, Madrid city, Madrid",Retiro,2.9067282000739594,53.0
7229.3134765625,Flat,False,350,3rd,5,4,True,True,False,True,True,True,True,False,False,False,False,False,"Avenida de Menéndez Pelayo, Subdistrict Ibiza, District Retiro, Madrid, Madrid city, Madrid",Retiro,2.265947615163872,262.5
1854.9764404296875,Flat,False,71,2nd,2,2,True,True,False,True,True,True,True,False,True,False,False,False,"NARVAEZ, 74, Subdistrict Ibiza, District Retiro, Madrid, Madrid city, Madrid",Retiro,2.30406033935676,53.25
2393.194580078125,Flat,False,98,2nd,2,2,True,True,False,True,True,True,True,False,True,False,False,False,"Calle de Ruiz de Alarcón, Subdistrict Jerónimos, District Retiro, Madrid, Madrid city, Madrid",Retiro,1.0536355981212648,73.5
2586.881591796875,Flat,False,159,9th,3,2,True,True,True,True,True,True,True,False,False,False,False,False,"Calle del Poeta Esteban de Villegas, Subdistrict Jerónimos, District Retiro, Madrid, Madrid city, Madrid",Retiro,2.2243347314584185,119.25
2507.62060546875,Flat,False,120,1st,3,2,True,True,True,True,True,True,True,True,False,False,False,False,", Subdistrict Jerónimos, District Retiro, Madrid, Madrid city, Madrid",Retiro,1.728884506088597,100.0
2457.35546875,Flat,False,100,2nd,2,2,True,True,False,True,True,True,True,False,True,False,False,False,"Calle de Espalter, Subdistrict Jerónimos, District Retiro, Madrid, Madrid city, Madrid",Retiro,1.2454933817729448,75.0
1704.2691650390625,Flat,False,94,3rd,3,2,True,True,False,True,True,True,True,False,False,False,False,False,"Calle de Antonio Arias, Subdistrict Ibiza, District Retiro, Madrid, Madrid city, Madrid",Retiro,2.729227783805372,84.0
2269.072509765625,Flat,False,99,6th,2,2,True,True,True,True,True,True,True,False,True,True,True,False,"Paseo de San Francisco de Sales, 15, Subdistrict Vallehermoso, District Chamberí, Madrid, Madrid city, Madrid",Chamberí,2.860730764476194,85.0
2617.505615234375,Flat,False,140,2nd,4,3,True,True,True,True,True,True,True,True,False,False,True,False,"Calle de Espronceda, Subdistrict Nuevos Ministerios-Ríos Rosas, District Chamberí, Madrid, Madrid city, Madrid",Chamberí,3.439525665427332,130.0
1256.9757080078125,Flat,False,50,4th,1,1,True,True,False,True,True,True,True,False,True,False,False,False,"Calle de García de Paredes, Subdistrict Almagro, District Chamberí, Madrid, Madrid city, Madrid",Chamberí,2.343612083593888,37.5
1132.7723388671875,Flat,False,70,ground,2,1,True,True,False,True,True,False,False,False,False,False,False,False,"Calle de Fernando el Católico, 21, Subdistrict Arapiles, District Chamberí, Madrid, Madrid city, Madrid",Chamberí,1.9421324471037908,52.5
3978.824951171875,Flat,False,126,6th,3,2,True,True,False,True,True,True,True,False,False,False,False,False,"sagasta, 19, Subdistrict Trafalgar, District Chamberí, Madrid, Madrid city, Madrid",Chamberí,1.3630863929645238,94.5
2348.743896484375,Flat,False,170,6th,3,2,True,True,False,True,True,True,True,False,False,False,False,False,"Av. de Filipinas, Subdistrict Vallehermoso, District Chamberí, Madrid, Madrid city, Madrid",Chamberí,2.685784591821715,165.0
1175.718994140625,Flat,False,40,2nd,1,1,True,True,False,True,True,True,True,False,True,False,False,False,"Calle Santa Engracia, Subdistrict Almagro, District Chamberí, Madrid, Madrid city, Madrid",Chamberí,1.9202800492791752,30.0
1127.6097412109375,Flat,False,58,ground,1,1,True,True,False,True,True,False,True,False,False,False,False,False,", Subdistrict Arapiles, District Chamberí, Madrid, Madrid city, Madrid",Chamberí,2.0814508292863385,50.0
1283.0592041015625,Flat,False,48,1st,1,1,True,True,False,True,True,True,True,False,False,False,False,False,"Plaza del Descubridor Diego de Ordás, 4, Subdistrict Nuevos Ministerios-Ríos Rosas, District Chamberí, Madrid, Madrid city, Madrid",Chamberí,2.655175048989806,36.0
1152.2772216796875,Flat,False,40,40,1,1,True,True,False,True,True,True,True,True,False,False,False,False,"Calle de Santa Engracia, Subdistrict Nuevos Ministerios-Ríos Rosas, District Chamberí, Madrid, Madrid city, Madrid",Chamberí,3.468207498460523,35.0
2471.951171875,Flat,False,115,5th,2,2,True,True,False,True,True,True,True,False,True,False,False,False,"Calle de Modesto Lafuente, Subdistrict Almagro, District Chamberí, Madrid, Madrid city, Madrid",Chamberí,2.355055918349437,86.25
1167.23681640625,Flat,False,50,1st,1,1,True,True,False,True,True,True,True,False,False,False,False,False,"Plaza Diego Ordaz, 4, Subdistrict Nuevos Ministerios-Ríos Rosas, District Chamberí, Madrid, Madrid city, Madrid",Chamberí,3.439525665427332,37.5
1388.7794189453125,Flat,True,80,3rd,2,1,True,True,False,True,True,True,False,True,False,False,False,False,"Calle Eloy Gonzalo, 4, Subdistrict Trafalgar, District Chamberí, Madrid, Madrid city, Madrid",Chamberí,1.8708450015131664,60.0
2674.22802734375,Flat,False,160,3rd,3,3,True,True,False,True,True,True,True,True,True,False,False,False,"Avenida de Filipinas, Subdistrict Vallehermoso, District Chamberí, Madrid, Madrid city, Madrid",Chamberí,2.685784591821715,120.0
1409.0546875,Flat,False,90,2nd,3,1,True,True,False,True,True,False,False,True,False,False,False,False,"Calle de Joaquín María López, Subdistrict Gaztambide, District Chamberí, Madrid, Madrid city, Madrid",Chamberí,2.524425638631782,67.5
4453.3076171875,Flat,False,233,3rd,3,3,True,True,True,True,True,True,True,False,False,True,False,False,"Calle del Monte Esquinza, Subdistrict Almagro, District Chamberí, Madrid, Madrid city, Madrid",Chamberí,1.6684626861942862,160.0
1785.2584228515625,Flat,False,78,3rd,2,2,True,True,False,True,True,True,True,False,True,False,False,False,"Glorieta Quevedo, Subdistrict Arapiles, District Chamberí, Madrid, Madrid city, Madrid",Chamberí,1.8933414930090424,58.5
1543.3868408203125,Flat,False,75,6th,2,1,True,True,False,True,True,True,True,False,True,False,False,False,"Calle de Andrés Mellado, Subdistrict Gaztambide, District Chamberí, Madrid, Madrid city, Madrid",Chamberí,2.232351000033848,56.25
2752.123046875,Flat,False,158,2nd,4,3,True,True,True,True,True,True,True,True,False,False,True,False,"Calle de Espronceda, Subdistrict Nuevos Ministerios-Ríos Rosas, District Chamberí, Madrid, Madrid city, Madrid",Chamberí,3.439525665427332,130.0
2980.1376953125,Flat,False,190,6th,4,2,True,True,True,True,True,True,True,True,False,False,False,False,"Calle de Cristóbal Bordiú, Subdistrict Nuevos Ministerios-Ríos Rosas, District Chamberí, Madrid, Madrid city, Madrid",Chamberí,3.439525665427332,155.0
10596.318359375,Flat,False,505,2nd,5,3,True,True,False,True,True,True,True,False,True,False,False,False,", Subdistrict Almagro, District Chamberí, Madrid, Madrid city, Madrid",Chamberí,2.0317278337175244,378.75
1877.4490966796875,Flat,False,96,ground,2,1,True,True,False,True,True,True,False,False,False,True,False,False,"Calle del Cardenal Cisneros, 73, Subdistrict Trafalgar, District Chamberí, Madrid, Madrid city, Madrid",Chamberí,2.04121568350816,95.0
2037.897705078125,Flat,False,96,ground,2,1,True,True,False,True,True,True,True,False,False,True,False,False,"Calle del Cardenal Cisneros, Subdistrict Trafalgar, District Chamberí, Madrid, Madrid city, Madrid",Chamberí,1.7599106873173176,72.0
1665.560302734375,Flat,False,45,4th,1,1,True,True,False,True,True,True,True,False,False,True,False,False,"Calle del Cardenal Cisneros, Subdistrict Trafalgar, District Chamberí, Madrid, Madrid city, Madrid",Chamberí,1.7599106873173176,33.75
2454.802490234375,Flat,False,69,3rd,2,2,True,True,False,True,True,True,True,False,True,False,False,False,"Calle de Modesto Lafuente, 3, Subdistrict Almagro, District Chamberí, Madrid, Madrid city, Madrid",Chamberí,2.207506341191016,51.75
1657.4415283203125,Flat,False,106,1st,3,2,True,True,False,True,True,False,False,False,False,False,False,False,"Calle de Guzmán el Bueno, 39, Subdistrict Gaztambide, District Chamberí, Madrid, Madrid city, Madrid",Chamberí,2.0412435376440983,79.5
1479.8203125,Flat,False,110,1st,4,2,True,True,False,True,True,False,False,False,True,False,False,False,"Calle de Arapiles, Subdistrict Arapiles, District Chamberí, Madrid, Madrid city, Madrid",Chamberí,1.8113098279008304,102.0
1016.2305908203125,Flat,False,29,ground,1,1,True,True,False,True,True,False,True,False,False,False,False,False,", Subdistrict Trafalgar, District Chamberí, Madrid, Madrid city, Madrid",Chamberí,1.825803858406648,25.0
2043.19189453125,Flat,False,80,5th,3,2,True,True,True,True,True,True,True,True,False,False,False,False,"Covarrubias, Subdistrict Trafalgar, District Chamberí, Madrid, Madrid city, Madrid",Chamberí,1.5350272463120205,60.0
2017.5855712890625,Flat,False,65,65,2,2,True,True,False,True,True,False,True,False,False,False,False,False,", Subdistrict Trafalgar, District Chamberí, Madrid, Madrid city, Madrid",Chamberí,1.825803858406648,60.0
1210.87060546875,Flat,True,70,9th,1,1,True,True,False,True,True,False,False,False,False,False,True,False,"general ampudia, 3, Subdistrict Vallehermoso, District Chamberí, Madrid, Madrid city, Madrid",Chamberí,3.02160132432656,52.5
1112.1827392578125,Flat,False,50,3rd,1,1,True,True,False,True,True,True,True,False,False,False,False,False,"Calle MODESTO LAFUENTE, Subdistrict Nuevos Ministerios-Ríos Rosas, District Chamberí, Madrid, Madrid city, Madrid",Chamberí,3.468207498460523,37.5
3956.64697265625,Flat,False,179,179,3,3,True,True,False,True,True,False,True,False,True,False,False,False,", Subdistrict Trafalgar, District Chamberí, Madrid, Madrid city, Madrid",Chamberí,1.825803858406648,160.0
3974.13525390625,Flat,False,194,2nd,3,3,True,True,True,True,True,True,True,False,False,True,False,False,", Subdistrict Almagro, District Chamberí, Madrid, Madrid city, Madrid",Chamberí,2.0317278337175244,145.5
9796.8828125,Flat,False,241,3rd,3,3,True,True,False,True,True,True,True,True,False,False,True,False,"Calle de Zurbarán, Subdistrict Almagro, District Chamberí, Madrid, Madrid city, Madrid",Chamberí,1.6898158117631563,220.0
3014.13916015625,Flat,False,180,6th,3,2,True,True,False,True,True,True,False,False,False,True,False,False,"Plaza san juan de la crus, 8, Subdistrict Nuevos Ministerios-Ríos Rosas, District Chamberí, Madrid, Madrid city, Madrid",Chamberí,2.814010513607276,135.0
1411.02001953125,Flat,True,80,1st,1,1,True,True,False,True,True,False,False,False,True,True,False,False,"Calle de Murillo, 10, Subdistrict Trafalgar, District Chamberí, Madrid, Madrid city, Madrid",Chamberí,1.839342286674175,75.0
1018.189208984375,Flat,False,38,4th,1,1,True,True,False,True,True,False,False,False,False,False,False,False,"Calle de Sagasta, 5, Subdistrict Trafalgar, District Chamberí, Madrid, Madrid city, Madrid",Chamberí,1.3755220985234804,28.0
2426.947265625,Flat,False,139,5th,3,2,True,True,False,True,True,True,True,True,False,False,False,False,"Calle de Rodríguez San Pedro, 5, Subdistrict Arapiles, District Chamberí, Madrid, Madrid city, Madrid",Chamberí,1.6682049137308543,104.25
4981.76171875,Flat,False,218,3rd,3,4,True,True,False,True,True,True,True,True,False,False,False,False,"Calle de Arapiles, Subdistrict Arapiles, District Chamberí, Madrid, Madrid city, Madrid",Chamberí,1.8113098279008304,163.5
2295.52001953125,Flat,False,65,1st,1,1,True,True,False,True,True,False,True,False,False,False,False,False,"Calle del Cardenal Cisneros, Urb. Trafalgar, Subdistrict Trafalgar, District Chamberí, Madrid, Madrid city, Madrid",Chamberí,1.7599106873173176,64.0
1657.5914306640625,Flat,False,50,1st,1,1,True,True,False,True,True,True,True,False,True,False,False,False,"Calle Morejón, 3, Subdistrict Almagro, District Chamberí, Madrid, Madrid city, Madrid",Chamberí,2.3641252604314125,37.5
897.7825927734375,Studio,False,40,4th,0,1,True,True,False,True,True,False,False,False,False,False,False,False,"Calle de Garcilaso, 13, Subdistrict Trafalgar, District Chamberí, Madrid, Madrid city, Madrid",Chamberí,1.744694620425122,30.0
2411.318115234375,Flat,False,180,7th,4,2,True,True,False,True,True,True,True,True,False,False,False,False,"Calle de Guzmán el Bueno, Subdistrict Gaztambide, District Chamberí, Madrid, Madrid city, Madrid",Chamberí,2.160495812184958,135.0
763.38671875,Studio,True,30,ground,0,1,True,True,False,True,True,True,False,True,False,False,False,False,"Calle de Santa Engracia, 114, Subdistrict Nuevos Ministerios-Ríos Rosas, District Chamberí, Madrid, Madrid city, Madrid",Chamberí,2.578518975548183,29.0
2050.32373046875,Flat,False,65,3rd,1,1,True,True,False,True,True,True,True,True,False,False,True,False,"Calle bravo murillo, 52, Subdistrict Nuevos Ministerios-Ríos Rosas, District Chamberí, Madrid, Madrid city, Madrid",Chamberí,2.8867127645415267,48.75
3208.71630859375,Flat,False,140,ground,3,3,True,True,False,True,True,True,True,False,False,False,False,False,"Alonso Cano, 78, Subdistrict Nuevos Ministerios-Ríos Rosas, District Chamberí, Madrid, Madrid city, Madrid",Chamberí,3.1293736656981763,105.0
2847.600341796875,Flat,False,110,3rd,2,2,True,True,False,True,True,True,True,False,False,False,False,False,"Calle José Marañón, 10, Subdistrict Trafalgar, District Chamberí, Madrid, Madrid city, Madrid",Chamberí,1.479012796236145,82.5
2629.41455078125,Flat,False,160,4th,7,2,True,True,False,True,True,True,False,False,True,False,False,False,"Calle de Sandoval, Subdistrict Trafalgar, District Chamberí, Madrid, Madrid city, Madrid",Chamberí,1.4743980513184234,120.0
2745.047119140625,Flat,True,140,2nd,4,3,True,True,True,True,True,True,True,True,False,False,True,False,"Calle Espronceda, 40, Subdistrict Nuevos Ministerios-Ríos Rosas, District Chamberí, Madrid, Madrid city, Madrid",Chamberí,2.7467123464312766,130.0
3256.808837890625,Flat,False,80,6th,3,2,True,True,False,True,True,True,True,False,False,False,False,False,"Manuel Silvela, 16, Subdistrict Trafalgar, District Chamberí, Madrid, Madrid city, Madrid",Chamberí,1.5786802128646371,60.0
2931.4619140625,Flat,False,110,5th,2,2,True,True,False,True,True,True,True,False,False,False,False,False,"Calle de Guzmán el Bueno, Madrid, 40, Subdistrict Gaztambide, District Chamberí, Madrid, Madrid city, Madrid",Chamberí,2.160495812184958,82.5
1062.951904296875,Studio,False,30,2nd,0,1,True,True,False,True,True,True,True,False,False,False,False,False,"Calle Almagro, Subdistrict Almagro, District Chamberí, Madrid, Madrid city, Madrid",Chamberí,1.7195170985026695,22.5
6594.00244140625,Flat,False,204,204,3,4,True,True,False,True,True,False,True,False,True,True,False,False,", Subdistrict Trafalgar, District Chamberí, Madrid, Madrid city, Madrid",Chamberí,1.825803858406648,185.0
6594.7958984375,Flat,False,191,191,3,3,True,True,True,True,True,True,True,False,False,True,True,False,", Subdistrict Almagro, District Chamberí, Madrid, Madrid city, Madrid",Chamberí,2.0317278337175244,150.0
3698.380126953125,Flat,False,91,2nd,3,3,True,True,False,True,True,True,True,False,False,False,False,False,"Calle Blanca de Navarra, 10, Subdistrict Almagro, District Chamberí, Madrid, Madrid city, Madrid",Chamberí,1.6403454754685332,68.25
1555.1536865234375,Flat,False,53,2nd,1,1,True,True,False,True,True,False,False,False,False,False,False,False,"Calle de Alonso Cano, 25, Subdistrict Almagro, District Chamberí, Madrid, Madrid city, Madrid",Chamberí,2.345919197298392,39.75
1834.639404296875,Flat,False,125,3rd,4,2,True,True,False,True,True,False,True,False,False,False,False,False,"Plaza del conde del valle de súchil, 9, Subdistrict Arapiles, District Chamberí, Madrid, Madrid city, Madrid",Chamberí,1.640876195162803,93.75
2862.40283203125,Flat,False,105,105,2,2,True,True,False,True,True,False,False,False,False,False,True,False,", Subdistrict Trafalgar, District Chamberí, Madrid, Madrid city, Madrid",Chamberí,1.825803858406648,80.0
3523.50244140625,Flat,False,130,2nd,2,2,True,True,False,True,True,True,True,False,True,False,False,False,"Calle de Fernando el Santo, Subdistrict Almagro, District Chamberí, Madrid, Madrid city, Madrid",Chamberí,1.581566826947129,97.5
4652.44384765625,Flat,False,240,4th,3,3,True,True,True,True,True,True,True,False,False,True,False,False,"Calle ALFONSO X, 4, Subdistrict Almagro, District Chamberí, Madrid, Madrid city, Madrid",Chamberí,2.112842113773043,180.0
3551.381591796875,Penthouse,False,215,7th,4,3,True,True,False,True,True,True,True,True,False,True,False,False,"Plaza de San Juan de la Cruz, 5, Subdistrict Nuevos Ministerios-Ríos Rosas, District Chamberí, Madrid, Madrid city, Madrid",Chamberí,2.7984176767665727,161.25
1120.354736328125,Flat,True,55,3rd,1,1,True,True,False,True,True,True,True,True,False,False,False,False,"Calle de Sandoval, 12, Subdistrict Trafalgar, District Chamberí, Madrid, Madrid city, Madrid",Chamberí,1.4945979073860374,50.0
1523.048583984375,Penthouse,False,39,4th,1,1,True,True,False,True,True,True,True,False,False,False,False,False,"Calle del Cardenal Cisneros, Subdistrict Trafalgar, District Chamberí, Madrid, Madrid city, Madrid",Chamberí,1.7599106873173176,29.25
2157.312255859375,Flat,True,140,4th,4,3,True,True,True,True,True,True,False,False,False,False,False,False,"Calle maría de guzmán, 8, Subdistrict Nuevos Ministerios-Ríos Rosas, District Chamberí, Madrid, Madrid city, Madrid",Chamberí,3.0463046334802883,110.0
2286.9892578125,Flat,False,66,1st,2,1,True,True,False,True,True,True,True,False,False,False,False,False,"Calle del Cardenal Cisneros, Subdistrict Trafalgar, District Chamberí, Madrid, Madrid city, Madrid",Chamberí,1.7599106873173176,49.5
3592.2412109375,Flat,False,170,2nd,4,3,True,True,False,True,True,True,True,False,False,False,False,False,"Calle de Miguel Ángel, Subdistrict Almagro, District Chamberí, Madrid, Madrid city, Madrid",Chamberí,2.321475191044428,127.5
2274.926513671875,Flat,False,57,2nd,1,1,True,True,False,True,True,False,True,False,False,False,False,False,"Calle del Cardenal Cisneros, Urb. Trafalgar, Subdistrict Trafalgar, District Chamberí, Madrid, Madrid city, Madrid",Chamberí,1.7599106873173176,56.0
2149.097412109375,Flat,False,80,4th,2,2,True,True,False,True,True,True,True,False,True,False,False,False,"Calle Málaga, Subdistrict Nuevos Ministerios-Ríos Rosas, District Chamberí, Madrid, Madrid city, Madrid",Chamberí,2.613385798084052,60.0
1929.5732421875,Flat,True,125,4th,3,2,True,True,False,True,True,True,True,False,False,False,False,False,"Calle Vallehermoso, 97, Subdistrict Vallehermoso, District Chamberí, Madrid, Madrid city, Madrid",Chamberí,2.642800611303657,93.75
7115.67138671875,Flat,False,273,ground,3,3,True,True,False,True,True,True,True,False,True,False,False,False,"Calle Blanca de Navarra, Subdistrict Almagro, District Chamberí, Madrid, Madrid city, Madrid",Chamberí,1.616904220884235,204.75
3939.8505859375,Flat,False,176,5th,3,4,True,True,False,True,True,True,True,False,True,False,False,False,"Calle de Zurbano, Subdistrict Nuevos Ministerios-Ríos Rosas, District Chamberí, Madrid, Madrid city, Madrid",Chamberí,3.439525665427332,132.0
892.02099609375,Flat,True,30,1st,1,1,True,True,False,True,True,True,True,False,False,True,False,False,"Calle Ruiz, 27, Subdistrict Trafalgar, District Chamberí, Madrid, Madrid city, Madrid",Chamberí,1.4277705722625431,22.5
1203.569091796875,Flat,False,50,1st,1,1,True,True,False,True,True,False,False,False,False,False,False,False,"Calle de Vallehermoso, Subdistrict Arapiles, District Chamberí, Madrid, Madrid city, Madrid",Chamberí,2.027086937319244,37.5
1311.8887939453125,Flat,False,73,2nd,3,1,True,True,False,True,True,False,False,True,False,False,False,False,"Calle de Alonso Cano, Subdistrict Nuevos Ministerios-Ríos Rosas, District Chamberí, Madrid, Madrid city, Madrid",Chamberí,3.439525665427332,68.0
2215.3779296875,Flat,False,70,1st,1,1,True,True,False,True,True,True,True,False,True,False,False,False,"Calle de Santa Engracia, Subdistrict Almagro, District Chamberí, Madrid, Madrid city, Madrid",Chamberí,1.9202800492791752,52.5
2904.234619140625,Penthouse,True,110,6th,3,2,True,True,False,True,True,True,True,True,False,False,False,False,", Subdistrict Arapiles, District Chamberí, Madrid, Madrid city, Madrid",Chamberí,2.0814508292863385,82.5
2212.91845703125,Flat,False,120,2nd,2,2,True,True,False,True,True,True,True,False,False,False,False,False,"Calle del Monte Esquinza, Subdistrict Almagro, District Chamberí, Madrid, Madrid city, Madrid",Chamberí,1.6684626861942862,90.0
2751.615234375,Flat,False,148,5th,3,2,True,True,False,True,True,False,True,False,False,False,False,False,", Subdistrict Almagro, District Chamberí, Madrid, Madrid city, Madrid",Chamberí,2.0317278337175244,136.0
1938.880615234375,Flat,False,120,3rd,4,2,True,True,True,True,True,True,True,True,True,False,False,False,"GENERAL ASENSIO CABANILLAS, Subdistrict Vallehermoso, District Chamberí, Madrid, Madrid city, Madrid",Chamberí,3.2733286093083285,110.0
4253.1728515625,Flat,False,200,6th,4,4,True,True,True,True,True,True,True,False,False,True,True,False,", Subdistrict Nuevos Ministerios-Ríos Rosas, District Chamberí, Madrid, Madrid city, Madrid",Chamberí,3.439525665427332,150.0
1040.6209716796875,Studio,False,45,5th,0,1,True,True,False,True,True,True,True,False,True,True,True,False,"Calle de Alonso Cano, Subdistrict Nuevos Ministerios-Ríos Rosas, District Chamberí, Madrid, Madrid city, Madrid",Chamberí,3.439525665427332,40.0
3183.836669921875,Flat,False,179,3rd,2,2,True,True,True,True,True,True,True,False,False,False,False,False,", Subdistrict Almagro, District Chamberí, Madrid, Madrid city, Madrid",Chamberí,2.0317278337175244,134.25
3091.19677734375,Flat,False,150,1st,3,3,True,True,False,True,True,False,True,False,False,False,False,False,"Calle de García de Paredes, Subdistrict Almagro, District Chamberí, Madrid, Madrid city, Madrid",Chamberí,2.343612083593888,140.0
1258.103271484375,Flat,True,55,4th,1,1,True,True,False,True,True,True,True,False,True,False,False,False,"Calle de Jordán, 8, Subdistrict Trafalgar, District Chamberí, Madrid, Madrid city, Madrid",Chamberí,1.7863867563507716,50.0
1955.8975830078125,Flat,False,84,3rd,4,1,True,True,False,True,True,True,True,True,False,False,False,False,"Maudes, 56, Subdistrict Nuevos Ministerios-Ríos Rosas, District Chamberí, Madrid, Madrid city, Madrid",Chamberí,3.1843556067952683,63.0
1385.3525390625,Studio,False,40,1st,0,1,True,True,False,True,True,True,True,False,False,False,False,False,"Miguel Angel, Subdistrict Almagro, District Chamberí, Madrid, Madrid city, Madrid",Chamberí,2.0317278337175244,38.0
1860.1239013671875,Flat,False,60,4th,1,1,True,True,False,True,True,True,True,False,False,True,False,False,"Calle del Cardenal Cisneros, Subdistrict Trafalgar, District Chamberí, Madrid, Madrid city, Madrid",Chamberí,1.7599106873173176,50.0
1254.4705810546875,Flat,False,65,4th,1,1,True,True,False,True,True,True,True,False,False,False,False,False,"Rios Rosas, Subdistrict Nuevos Ministerios-Ríos Rosas, District Chamberí, Madrid, Madrid city, Madrid",Chamberí,3.439525665427332,48.75
3059.26220703125,Flat,False,150,3rd,1,2,True,True,False,True,True,True,True,False,True,False,False,False,", Subdistrict Almagro, District Chamberí, Madrid, Madrid city, Madrid",Chamberí,2.0317278337175244,112.5
2475.538330078125,Flat,False,90,2nd,2,2,True,True,False,True,True,False,True,False,True,False,False,False,"Calle de Palafox, Subdistrict Trafalgar, District Chamberí, Madrid, Madrid city, Madrid",Chamberí,1.6142666738075844,67.5
3788.83251953125,Flat,False,225,3rd,4,4,True,True,True,True,True,True,True,False,False,False,False,False,"Calle de Santa Engracia, Subdistrict Nuevos Ministerios-Ríos Rosas, District Chamberí, Madrid, Madrid city, Madrid",Chamberí,3.468207498460523,210.0
1711.822265625,Penthouse,False,45,45,2,1,True,True,False,True,True,False,True,True,False,False,False,False,", Subdistrict Almagro, District Chamberí, Madrid, Madrid city, Madrid",Chamberí,2.0317278337175244,40.0
894.6642456054688,Flat,True,40,5th,1,1,True,True,False,True,True,True,False,False,False,False,True,False,"Calle de Viriato, 2, Subdistrict Trafalgar, District Chamberí, Madrid, Madrid city, Madrid",Chamberí,2.108995371830054,35.0
2227.943359375,Flat,False,96,ground,2,2,True,True,False,True,True,True,True,False,False,False,False,False,"Calle del Cardenal Cisneros, Subdistrict Trafalgar, District Chamberí, Madrid, Madrid city, Madrid",Chamberí,1.7599106873173176,72.0
3732.142822265625,Flat,False,225,3rd,4,4,True,True,True,True,True,True,False,True,False,False,False,False,"Calle de Santa Engracia, Subdistrict Nuevos Ministerios-Ríos Rosas, District Chamberí, Madrid, Madrid city, Madrid",Chamberí,3.468207498460523,168.75
1302.335205078125,Flat,True,47,2nd,1,1,True,True,False,True,True,True,True,False,True,False,False,False,"Calle de Orfila, 5, Subdistrict Almagro, District Chamberí, Madrid, Madrid city, Madrid",Chamberí,1.4989827388008583,35.25
7483.998046875,Flat,False,366,5th,5,5,True,True,True,True,True,True,True,True,False,True,False,False,"Calle de José Abascal, Subdistrict Almagro, District Chamberí, Madrid, Madrid city, Madrid",Chamberí,2.464518002779075,274.5
3090.374755859375,Flat,False,150,4th,2,2,True,True,False,True,True,True,True,False,False,False,False,False,", Subdistrict Almagro, District Chamberí, Madrid, Madrid city, Madrid",Chamberí,2.0317278337175244,130.0
3432.8369140625,Flat,False,225,9th,4,3,True,True,False,True,True,False,False,False,False,False,True,False,"Calle de Julián Romea, 17, Subdistrict Vallehermoso, District Chamberí, Madrid, Madrid city, Madrid",Chamberí,3.072659780547744,168.75
1276.672119140625,Flat,False,55,3rd,1,1,True,True,False,True,True,True,True,True,False,False,False,False,"Calle de Jordán, Urb. Chamberi, Subdistrict Trafalgar, District Chamberí, Madrid, Madrid city, Madrid",Chamberí,1.805158297557804,41.25
4355.07421875,Flat,False,215,2nd,4,3,True,True,False,True,True,True,True,False,False,False,False,False,"Paseo del General Martínez Campos, Subdistrict Almagro, District Chamberí, Madrid, Madrid city, Madrid",Chamberí,2.204064022650861,190.0
1574.28271484375,Flat,False,50,5th,1,1,True,True,True,True,True,True,True,False,False,False,False,False,"Calle de la Virtudes, 14, Subdistrict Almagro, District Chamberí, Madrid, Madrid city, Madrid",Chamberí,1.7316523177907772,37.5
1647.58447265625,Flat,False,83,ground,2,1,True,True,False,True,True,True,True,False,False,False,False,False,"Calle de Fuencarral, Subdistrict Trafalgar, District Chamberí, Madrid, Madrid city, Madrid",Chamberí,1.4805243058960231,62.25
917.958984375,Flat,True,42,7th,1,1,True,True,False,True,True,True,False,True,False,False,False,False,"Calle Glorieta del General Álvarez de Castro, 5, Subdistrict Trafalgar, District Chamberí, Madrid, Madrid city, Madrid",Chamberí,2.229909784731934,40.0
1475.8372802734375,Flat,False,50,ground,1,1,True,True,False,True,True,True,False,False,False,True,False,False,"Calle del Cardenal Cisneros, 73, Subdistrict Trafalgar, District Chamberí, Madrid, Madrid city, Madrid",Chamberí,2.04121568350816,49.0
982.1414794921875,Studio,False,40,ground,0,1,True,True,False,True,True,True,True,False,False,False,False,False,"MOREJON, 8, Subdistrict Almagro, District Chamberí, Madrid, Madrid city, Madrid",Chamberí,2.333234447495664,30.0
3334.75830078125,Flat,False,197,3rd,5,3,True,True,True,True,True,True,True,True,False,False,False,False,"Calle de García de Paredes, Subdistrict Almagro, District Chamberí, Madrid, Madrid city, Madrid",Chamberí,2.343612083593888,196.0
1631.026611328125,Flat,False,100,ground,1,2,True,True,False,True,True,False,True,False,False,False,False,False,"Calle de Vallehermoso, Subdistrict Arapiles, District Chamberí, Madrid, Madrid city, Madrid",Chamberí,2.027086937319244,81.0
1191.337158203125,Flat,True,50,ground,2,2,True,True,False,True,True,False,False,False,False,False,False,False,"Avenida de la Reina Victoria, 5, Subdistrict Vallehermoso, District Chamberí, Madrid, Madrid city, Madrid",Chamberí,3.308223732366838,37.5
1611.8280029296875,Flat,False,71,4th,2,1,True,True,False,True,True,False,True,False,False,False,False,False,"Calle de Fernández de los Ríos, Subdistrict Arapiles, District Chamberí, Madrid, Madrid city, Madrid",Chamberí,2.0757261890850227,64.0
3008.88818359375,Penthouse,False,135,7th,2,2,True,True,True,True,True,True,True,True,True,True,False,False,"Calle de Palafox, Subdistrict Trafalgar, District Chamberí, Madrid, Madrid city, Madrid",Chamberí,1.6142666738075844,85.0
1964.697265625,Penthouse,False,85,6th,2,1,True,True,False,True,True,True,False,True,False,False,False,False,"Calle de Hilarión Eslava, Subdistrict Gaztambide, District Chamberí, Madrid, Madrid city, Madrid",Chamberí,2.344128022613766,77.0
3276.875732421875,Flat,False,132,2nd,2,2,True,True,False,True,True,True,True,False,False,True,False,False,"Calle de Génova, Subdistrict Almagro, District Chamberí, Madrid, Madrid city, Madrid",Chamberí,1.3893598116176586,99.0
2914.815673828125,Flat,False,90,3rd,2,2,True,True,False,True,True,True,True,False,False,False,False,False,"Calle de Ponzano, 8, Subdistrict Almagro, District Chamberí, Madrid, Madrid city, Madrid",Chamberí,2.315735338226755,80.0
2503.298583984375,Flat,False,150,4th,4,3,True,True,False,True,True,False,True,True,False,False,False,False,", Subdistrict Gaztambide, District Chamberí, Madrid, Madrid city, Madrid",Chamberí,2.256963908661945,149.0
2496.8681640625,Flat,False,160,4th,4,3,True,True,False,True,True,True,True,True,True,False,False,False,"Calle de Guzmán el Bueno, Subdistrict Gaztambide, District Chamberí, Madrid, Madrid city, Madrid",Chamberí,2.160495812184958,150.0
2456.46044921875,Flat,True,110,4th,2,2,True,True,True,True,True,True,True,False,False,False,False,False,"Calle Zurbano, 5, Subdistrict Almagro, District Chamberí, Madrid, Madrid city, Madrid",Chamberí,1.4682327029709237,100.0
1227.8853759765625,Studio,True,50,3rd,0,1,True,True,False,True,True,True,True,False,False,False,True,False,"Calle de Galileo, 104, Urb. Jardín, piscina, portería 24h, Subdistrict Vallehermoso, District Chamberí, Madrid, Madrid city, Madrid",Chamberí,2.5883658165267227,48.0
2597.807861328125,Flat,False,97,3rd,1,1,True,True,False,True,True,True,True,False,True,False,False,False,"Calle de Génova, Subdistrict Almagro, District Chamberí, Madrid, Madrid city, Madrid",Chamberí,1.3893598116176586,72.75
2067.8095703125,Penthouse,False,85,6th,2,1,True,True,False,True,True,True,True,True,False,False,False,False,", Subdistrict Gaztambide, District Chamberí, Madrid, Madrid city, Madrid",Chamberí,2.256963908661945,80.0
1434.1351318359375,Flat,False,60,2nd,2,1,True,True,False,True,True,True,True,False,False,False,False,False,"Calle de Espronceda, Subdistrict Nuevos Ministerios-Ríos Rosas, District Chamberí, Madrid, Madrid city, Madrid",Chamberí,3.439525665427332,45.0
1260.906494140625,Flat,False,64,4th,2,1,True,True,False,True,True,True,True,False,False,False,False,False,"Calle de Vallehermoso, Subdistrict Vallehermoso, District Chamberí, Madrid, Madrid city, Madrid",Chamberí,2.6049081610599307,60.0
1799.7882080078125,Flat,False,76,2nd,2,2,True,True,False,True,True,False,False,True,True,False,False,False,", Subdistrict Trafalgar, District Chamberí, Madrid, Madrid city, Madrid",Chamberí,1.825803858406648,75.0
1740.005126953125,Flat,False,60,1st,1,1,True,True,False,True,True,True,True,False,True,False,False,False,"Calle Morejón, Subdistrict Almagro, District Chamberí, Madrid, Madrid city, Madrid",Chamberí,2.3438033295622764,45.0
1891.5562744140625,Flat,False,67,1st,1,1,True,True,False,True,True,False,True,False,True,False,False,False,"Calle Morejón, Subdistrict Almagro, District Chamberí, Madrid, Madrid city, Madrid",Chamberí,2.3438033295622764,60.0
1230.72802734375,Flat,False,60,1st,1,1,True,True,False,True,True,True,True,False,False,False,False,False,"Plaza del Descubridor Diego de Ordás, Subdistrict Nuevos Ministerios-Ríos Rosas, District Chamberí, Madrid, Madrid city, Madrid",Chamberí,3.439525665427332,45.0
1714.29296875,Flat,False,96,2nd,3,2,True,True,False,True,True,True,True,False,False,False,False,False,"Vallehermoso, Subdistrict Vallehermoso, District Chamberí, Madrid, Madrid city, Madrid",Chamberí,2.9664855573692908,72.0
2785.5908203125,Flat,False,127,4th,3,2,True,True,True,True,True,True,True,False,False,False,False,False,"Calle de Fuencarral, Subdistrict Trafalgar, District Chamberí, Madrid, Madrid city, Madrid",Chamberí,1.4805243058960231,95.25
829.8245239257812,Flat,True,34,3rd,1,1,True,True,False,True,True,True,False,False,False,True,False,False,"Calle de Jordán, 6, Subdistrict Trafalgar, District Chamberí, Madrid, Madrid city, Madrid",Chamberí,1.7643993181353388,30.0
979.5770263671875,Flat,True,45,3rd,1,1,True,True,False,True,True,False,False,False,False,False,False,False,"Calle Monteleón, 29, Subdistrict Trafalgar, District Chamberí, Madrid, Madrid city, Madrid",Chamberí,1.5171082625807737,33.75
1165.2418212890625,Flat,False,60,3rd,1,1,True,True,False,True,True,True,False,False,False,False,False,False,"Calle de la Santísima Trinidad, 6, Subdistrict Trafalgar, District Chamberí, Madrid, Madrid city, Madrid",Chamberí,2.0700186853908247,45.0
876.2750244140625,Flat,True,35,ground,1,1,True,True,False,True,True,False,False,False,False,False,False,False,"Calle de Fernández de la Hoz, 37, Subdistrict Almagro, District Chamberí, Madrid, Madrid city, Madrid",Chamberí,2.2988674012243497,26.25
1089.3868408203125,Flat,False,50,4th,1,1,True,True,False,True,True,False,False,False,False,False,False,False,"Calle de Magallanes, Subdistrict Arapiles, District Chamberí, Madrid, Madrid city, Madrid",Chamberí,1.9429855409819987,37.5
1952.470458984375,Penthouse,True,72,7th,2,2,True,True,False,True,True,False,True,True,False,False,False,False,"Calle de Alonso Cano, 72, Subdistrict Nuevos Ministerios-Ríos Rosas, District Chamberí, Madrid, Madrid city, Madrid",Chamberí,3.0649691059727857,54.0
3111.471923828125,Flat,False,145,5th,2,2,True,True,False,True,True,True,True,False,True,False,False,False,"Calle de José Abascal, Subdistrict Nuevos Ministerios-Ríos Rosas, District Chamberí, Madrid, Madrid city, Madrid",Chamberí,2.464518002779075,130.0
1452.5303955078125,Flat,False,80,6th,1,1,True,True,True,False,False,True,True,False,False,False,False,False,"Calle de Bravo Murillo, Subdistrict Vallehermoso, District Chamberí, Madrid, Madrid city, Madrid",Chamberí,3.0662068974449,60.0
1401.37451171875,Flat,False,69,ground,2,1,True,True,False,True,True,False,True,True,False,False,False,False,", Subdistrict Trafalgar, District Chamberí, Madrid, Madrid city, Madrid",Chamberí,1.825803858406648,60.0
1951.9248046875,Flat,False,102,3rd,3,2,True,True,False,True,True,True,False,True,False,False,False,False,"Calle de Blasco de Garay NN, Subdistrict Arapiles, District Chamberí, Madrid, Madrid city, Madrid",Chamberí,2.102829443203289,76.5
1880.439697265625,Flat,False,102,6th,3,2,True,True,False,True,True,True,False,True,False,False,False,False,"Calle de Blasco de Garay NN, Subdistrict Arapiles, District Chamberí, Madrid, Madrid city, Madrid",Chamberí,2.102829443203289,76.5
1909.4227294921875,Flat,False,102,4th,3,2,True,True,False,True,True,True,False,True,False,False,False,False,"Calle de Blasco de Garay, Subdistrict Vallehermoso, District Chamberí, Madrid, Madrid city, Madrid",Chamberí,2.546766672872235,76.5
2489.419189453125,Flat,False,110,4th,5,2,True,True,False,True,True,False,False,False,False,False,False,False,"Calle de Palafox, 22, Subdistrict Trafalgar, District Chamberí, Madrid, Madrid city, Madrid",Chamberí,1.715075743079301,105.0
971.6218872070312,Flat,False,45,3rd,1,1,True,True,False,True,True,True,False,False,False,False,False,False,"Calle de Joaquín María López, Subdistrict Gaztambide, District Chamberí, Madrid, Madrid city, Madrid",Chamberí,2.524425638631782,40.0
1318.981201171875,Flat,False,50,5th,1,1,True,True,False,True,True,True,True,False,False,False,False,False,"Calle de Monteleón, Subdistrict Trafalgar, District Chamberí, Madrid, Madrid city, Madrid",Chamberí,1.4049138978281928,37.5
2529.955810546875,Flat,True,110,6th,3,2,True,True,False,True,True,True,True,True,False,False,False,False,"Santísima Trinidad, 26, Subdistrict Trafalgar, District Chamberí, Madrid, Madrid city, Madrid",Chamberí,2.320597638190967,100.0
2847.779541015625,Penthouse,False,190,7th,2,2,True,True,False,True,True,True,True,True,False,False,False,False,"Calle de Santa Engracia, Subdistrict Almagro, District Chamberí, Madrid, Madrid city, Madrid",Chamberí,1.9202800492791752,142.5
811.0184326171875,Flat,False,33,ground,1,1,True,True,False,True,True,False,False,True,False,False,False,False,"Calle de Vallehermoso, 70, Subdistrict Arapiles, District Chamberí, Madrid, Madrid city, Madrid",Chamberí,2.305722506233599,24.0
1168.0057373046875,Flat,False,55,2nd,1,1,True,True,False,True,True,True,True,True,False,True,False,False,"Calle de Emilio Carrere, Subdistrict Arapiles, District Chamberí, Madrid, Madrid city, Madrid",Chamberí,1.6763024010966558,50.0
1947.0316162109375,Penthouse,False,71,6th,2,1,True,True,False,True,True,True,True,True,False,False,False,False,"Calle de Galileo, Subdistrict Arapiles, District Chamberí, Madrid, Madrid city, Madrid",Chamberí,2.032022470333401,53.25
1047.77978515625,Flat,True,98,2nd,3,2,True,True,True,True,True,True,True,False,False,False,True,False,"Calle Fernando Chueca Goitia, 8, Subdistrict Ensanche de Vallecas - La Gavia, District Villa de Vallecas, Madrid, Madrid city, Madrid",Villa de Vallecas,11.155331138573446,79.0
990.2463989257812,Flat,False,89,4th,2,2,True,True,True,True,True,True,True,True,False,False,True,False,"Alameda DEL VALLE, Subdistrict Ensanche de Vallecas - La Gavia, District Villa de Vallecas, Madrid, Madrid city, Madrid",Villa de Vallecas,9.025762433056846,66.75
841.5097045898438,Studio,False,75,2nd,0,1,True,True,True,True,True,True,True,True,True,False,True,False,"Calle Cerro del Murmullo, Subdistrict Ensanche de Vallecas - La Gavia, District Villa de Vallecas, Madrid, Madrid city, Madrid",Villa de Vallecas,11.69194103473202,70.0
836.2472534179688,Flat,True,66,1st,3,1,True,True,False,True,True,False,True,True,False,False,False,False,"Calle Puerto de Lumbreras, 45, Subdistrict Casco Histórico de Vallecas, District Villa de Vallecas, Madrid, Madrid city, Madrid",Villa de Vallecas,8.032406122556283,60.0
854.1875610351562,Flat,False,70,5th,2,1,True,True,True,False,False,True,False,False,False,False,False,False,"Calle de Honrubia, Subdistrict Ensanche de Vallecas - La Gavia, District Villa de Vallecas, Madrid, Madrid city, Madrid",Villa de Vallecas,8.061620765094109,54.0
731.3355102539062,Flat,False,39,1st,1,1,True,True,True,True,True,True,False,False,False,True,True,False,"Avenida del Ensanche de Vallecas, 86, Subdistrict Ensanche de Vallecas - La Gavia, District Villa de Vallecas, Madrid, Madrid city, Madrid",Villa de Vallecas,10.807706057652377,29.25
800.5247802734375,Flat,False,50,1st,1,1,True,True,True,False,False,True,True,False,False,False,True,False,"Embalse de Navacerrada, 55, Urb. si, Subdistrict Ensanche de Vallecas - La Gavia, District Villa de Vallecas, Madrid, Madrid city, Madrid",Villa de Vallecas,11.240071632217017,37.5
969.2453002929688,Flat,True,75,1st,3,2,True,True,True,True,True,True,True,False,False,True,False,False,"Bulevar de la Naturaleza, 36, Subdistrict Ensanche de Vallecas - La Gavia, District Villa de Vallecas, Madrid, Madrid city, Madrid",Villa de Vallecas,8.049110101268461,56.25
983.7374267578125,Flat,False,79,2nd,2,2,True,True,True,True,True,True,True,False,False,True,False,False,"Avenida del Ensanche de Vallecas, 36, Subdistrict Ensanche de Vallecas - La Gavia, District Villa de Vallecas, Madrid, Madrid city, Madrid",Villa de Vallecas,9.55433113272256,59.25
1064.180908203125,Flat,False,91,4th,3,2,True,True,True,True,True,True,True,False,False,True,True,False,"Calle Canencia de la Sierra, Subdistrict Ensanche de Vallecas - La Gavia, District Villa de Vallecas, Madrid, Madrid city, Madrid",Villa de Vallecas,9.111606853614049,68.25
813.14697265625,Flat,False,59,2nd,1,1,True,True,True,True,True,True,True,True,True,False,True,False,"Calle Cerro del Murmullo, Subdistrict Ensanche de Vallecas - La Gavia, District Villa de Vallecas, Madrid, Madrid city, Madrid",Villa de Vallecas,11.69194103473202,53.0
979.3385009765625,Flat,False,73,1st,2,2,True,True,True,False,False,True,True,True,False,False,True,False,"Calle Canencia de la Sierra, Subdistrict Ensanche de Vallecas - La Gavia, District Villa de Vallecas, Madrid, Madrid city, Madrid",Villa de Vallecas,9.111606853614049,54.75
1231.63134765625,Flat,False,121,2nd,3,2,True,True,False,True,True,False,True,False,False,False,True,False,", Subdistrict Ensanche de Vallecas - La Gavia, District Villa de Vallecas, Madrid, Madrid city, Madrid",Villa de Vallecas,10.325102640710844,120.0
701.6270751953125,Duplex,True,40,1st,1,1,True,True,True,True,True,True,True,False,False,True,True,False,"Avenida Gran Vía del sureste, 25, Subdistrict Ensanche de Vallecas - La Gavia, District Villa de Vallecas, Madrid, Madrid city, Madrid",Villa de Vallecas,11.45029194043095,30.0
974.6740112304688,Flat,False,89,4th,2,2,True,True,False,True,True,True,True,False,False,False,True,False,"Alameda del Valle, Subdistrict Ensanche de Vallecas - La Gavia, District Villa de Vallecas, Madrid, Madrid city, Madrid",Villa de Vallecas,9.025762433056846,66.75
965.1656494140625,Flat,False,93,3rd,2,2,True,True,True,True,True,True,False,False,False,False,True,False,"Calle Arte Conceptual, Subdistrict Ensanche de Vallecas - La Gavia, District Villa de Vallecas, Madrid, Madrid city, Madrid",Villa de Vallecas,11.683832910714246,65.0
1009.8360595703125,Flat,True,80,3rd,2,2,True,True,True,True,True,True,True,True,False,True,True,False,"Avenida de las Suertes, 55, Urb. si, Subdistrict Ensanche de Vallecas - La Gavia, District Villa de Vallecas, Madrid, Madrid city, Madrid",Villa de Vallecas,10.600012142612284,70.0
1192.8670654296875,Flat,False,50,7th,2,1,True,True,False,True,True,False,True,False,False,False,False,False,"Paseo de las Delicias, 15, Subdistrict Palos de Moguer, District Arganzuela, Madrid, Madrid city, Madrid",Arganzuela,1.5398182455399845,37.5
1754.09423828125,Flat,False,130,4th,3,2,True,True,True,True,True,True,True,False,False,True,True,False,"Calle Embajadores, Subdistrict Legazpi, District Arganzuela, Madrid, Madrid city, Madrid",Arganzuela,3.2863660383446684,97.5
1288.9710693359375,Flat,False,80,6th,2,1,True,True,False,True,True,True,True,True,False,False,False,False,"Paseo de las Delicias, Subdistrict Palos de Moguer, District Arganzuela, Madrid, Madrid city, Madrid",Arganzuela,1.7037974473060418,73.0
976.7193603515625,Flat,False,50,2nd,1,1,True,True,True,True,True,True,True,False,False,True,True,False,"Calle de Sodio, Subdistrict Legazpi, District Arganzuela, Madrid, Madrid city, Madrid",Arganzuela,3.26900897029918,37.5
1199.743896484375,Flat,False,58,ground,1,1,True,True,False,True,True,False,True,True,False,False,False,False,", Subdistrict Palos de Moguer, District Arganzuela, Madrid, Madrid city, Madrid",Arganzuela,1.4576570649775702,50.0
1098.6181640625,Flat,False,65,ground,2,1,True,True,False,True,True,False,False,True,False,False,False,False,"Plaza de las Peñuelas, Subdistrict Acacias, District Arganzuela, Madrid, Madrid city, Madrid",Arganzuela,1.7807224270233997,62.0
1197.435791015625,Flat,True,70,ground,1,1,True,True,True,True,True,True,True,True,False,False,False,False,"Plaza de las Peñuelas, 7, Subdistrict Acacias, District Arganzuela, Madrid, Madrid city, Madrid",Arganzuela,1.7918574637134776,52.5
1316.17529296875,Flat,False,95,2nd,3,1,True,True,True,True,True,True,False,True,True,False,False,False,"Calle de Martín de Vargas, Subdistrict Acacias, District Arganzuela, Madrid, Madrid city, Madrid",Arganzuela,1.5129945070950814,90.0
990.0571899414062,Flat,False,60,5th,2,1,True,True,False,True,True,True,False,False,False,False,False,False,"Calle de Miguel Arredondo, Subdistrict Chopera, District Arganzuela, Madrid, Madrid city, Madrid",Arganzuela,2.6837850111194985,55.0
1465.3948974609375,Flat,False,110,2nd,3,1,True,True,False,True,True,True,False,False,True,False,False,False,"Calle Ferrocarril, 5, Subdistrict Delicias, District Arganzuela, Madrid, Madrid city, Madrid",Arganzuela,1.953616472825716,82.5
1072.5367431640625,Flat,False,47,2nd,1,1,True,True,False,True,True,False,True,False,False,False,True,False,", Subdistrict Legazpi, District Arganzuela, Madrid, Madrid city, Madrid",Arganzuela,3.39764765295007,46.0
1556.9351806640625,Duplex,False,102,2nd,2,2,True,True,True,True,True,True,True,False,False,False,False,False,"Ronda de Atocha, Subdistrict Palos de Moguer, District Arganzuela, Madrid, Madrid city, Madrid",Arganzuela,1.2794135147191683,76.5
1052.995361328125,Flat,True,60,3rd,2,1,True,True,False,True,True,True,True,False,False,False,False,False,", Subdistrict Chopera, District Arganzuela, Madrid, Madrid city, Madrid",Arganzuela,2.465226489772235,45.0
1146.4417724609375,Flat,False,65,1st,1,1,True,True,True,True,True,True,True,False,False,False,False,False,"Calle de las Nebulosas, Subdistrict Delicias, District Arganzuela, Madrid, Madrid city, Madrid",Arganzuela,2.7972664457039538,48.75
1241.442626953125,Flat,True,82,6th,2,1,True,True,False,True,True,True,False,False,False,False,False,False,"Paseo de los Olmos, 8, Subdistrict Acacias, District Arganzuela, Madrid, Madrid city, Madrid",Arganzuela,1.409005062549602,72.0
1435.730712890625,Flat,False,90,6th,3,2,True,True,False,True,True,True,True,False,False,False,False,False,"Paseo de las Delicias, Subdistrict Delicias, District Arganzuela, Madrid, Madrid city, Madrid",Arganzuela,2.3111126824268693,67.5
816.97509765625,Studio,False,20,1st,0,1,True,True,False,True,True,True,True,False,False,False,False,False,"Calle de Canarias, 38, Subdistrict Palos de Moguer, District Arganzuela, Madrid, Madrid city, Madrid",Arganzuela,1.911631579813112,18.0
1369.6251220703125,Flat,False,65,ground,2,1,True,True,False,True,True,False,False,False,False,False,False,False,"Calle de José Miguel Gordoa, 1, Subdistrict Chopera, District Arganzuela, Madrid, Madrid city, Madrid",Arganzuela,2.726617994967546,55.0
